0 ISS (ZARYA)
1 25544U 98067A   26269.85154941  .00007609  00000-0  14781-3 0  9998
2 25544  51.6312 156.9417 0007058 191.1476 168.9357 15.48656208587512
0 NEMO-HD
1 46277U 20061F   26269.90926192  .00009153  00000-0  18681-3 0  9993
2 46277  97.1810 330.9018 0002158  74.0035 286.1452 15.46408054337696
0 OBJECT G
1 44885U 19093G   26269.92855995  .00004339  00000-0  31161-3 0  9992
2 44885  97.7937   4.9659 0013098  86.9338 273.3386 15.04768769367948
0 METEOR M2-2
1 44387U 19038A   26269.96028547  .00000080  00000-0  54646-4 0  9990
2 44387  98.9252 258.8007 0002356  83.2266 276.9180 14.24388477375787
0 EAGLET 1
1 43790U 18099AJ  26269.68538975  .00003694  00000-0  20926-3 0  9990
2 43790  97.4125 316.6503 0010860   3.6034 356.5274 15.13573157427685
0 RANGE A
1 43773U 18099R   26269.90988492  .00003465  00000-0  19365-3 0  9990
2 43773  97.3871 309.5115 0010006   4.8318 355.3009 15.14101318427885
0 AO-95
1 43770U 18099N   26269.73417903  .00009826  00000-0  35527-3 0  9997
2 43770  97.4278 329.6842 0007811 359.6136   0.5096 15.28622868428725
0 ES'HAIL 2
1 43700U 18090A   26269.79994361  .00000149  00000-0  00000-0 0  9999
2 43700   0.0182 143.1157 0001227  51.8417 124.4248  1.00273482 28694
0 DIWATA 2B
1 43678U 18084H   26269.92379229  .00001948  00000-0  15860-3 0  9992
2 43678  98.1159 110.6100 0012505 188.3336 171.7681 15.00758632431474
0 TEN-KOH
1 43677U 18084G   26269.50922135  .00002059  00000-0  15675-3 0  9993
2 43677  98.0707 106.1587 0010016 135.0465 225.1572 15.03272256431386
0 CARTOSAT 2F
1 43111U 18004A   26269.90366314  .00002817  00000-0  13699-3 0  9999
2 43111  97.4685 328.4803 0000238 237.1817 122.9395 15.19228293482772
0 CZ-11 R/B
1 41847U 16066G   26269.83639445  .00001127  00000-0  16620-3 0  9999
2 41847  98.3742 344.3960 0341211 180.8813 179.1821 14.44864370519475
0 ALSAT 1N
1 41789U 16059G   26269.98875713  .00000778  00000-0  13877-3 0  9994
2 41789  97.8067 268.8469 0024703 220.0077 139.9310 14.69446866534951
0 CARTOSAT 2C
1 41599U 16040A   26269.95228771  .00002050  00000-0  10048-3 0  9998
2 41599  97.4381 328.4651 0009841 133.1668 227.0391 15.19221329569167
0 LILACSAT 2
1 40908U 15049K   26269.94431072  .00016738  00000-0  25407-3 0  9991
2 40908  97.4541 310.8320 0005060 226.4706 133.6127 15.54657861611546
0 VELOX 1
1 40057U 14034E   26269.97052010  .00005968  00000-0  50193-3 0  9996
2 40057  98.2445 180.7479 0005081 306.2878  53.7874 14.98671200661841
0 CANX-4
1 40055U 14034C   26269.47261166  .00000717  00000-0  98820-4 0  9990
2 40055  98.2942 148.4242 0013777  49.1141 311.1261 14.81408848659528
0 AISAT
1 40054U 14034B   26269.76878629  .00009197  00000-0  56095-3 0  9997
2 40054  98.2336 189.6810 0006985 234.4589 125.5988 15.10578961662535
TIGRISAT
1 40043U 14033AK  26269.36875549  .00001674  00000-0  19599-3 0  9998
2 40043  97.7977  57.1718 0050278 102.3095 258.3756 14.85469055660645
0 NANOSAT C BR1
1 40024U 14033Q   26269.83805550  .00014508  00000-0  43805-3 0  9991
2 40024  98.0635 311.4307 0003888 167.5740 192.5598 15.34380528669558
0 UNISAT 6
1 40012U 14033C   26269.71023402  .00002751  00000-0  29504-3 0  9990
2 40012  97.8016  60.7520 0045960  93.6888 266.9586 14.88676454661262
0 AIST 1
1 39492U 13078C   26269.94872204  .00001584  00000-0  13766-3 0  9991
2 39492  82.4187 172.2878 0015376 300.5105  59.4599 14.96299003690469
0 HINCUBE
1 39445U 13066AF  26269.61711629  .00006126  00000-0  38294-3 0  9993
2 39445  97.8089 239.8120 0030959 223.5956 136.2826 15.09426382694828
FUNCUBE-1
1 39444U 13066AE  26269.37099798  .00006169  00000-0  37141-3 0  9998
2 39444  97.8394 243.0881 0034133 216.7195 143.1695 15.10710306694931
0 ZACUBE
1 39417U 13066B   26269.70223176  .00004206  00000-0  32179-3 0  9990
2 39417  97.8173 232.5871 0038110 272.3063  87.3798 15.01895794695961
ESTCube-1
1 39161U 13021C   26269.09843306  .00001113  00000-0  14789-3 0  9993
2 39161  97.7186 319.6977 0009246  52.4984 307.7068 14.81636559719966
CUBEBUG-1
1 39153U 13018D   26269.39473766  .00003064  00000-0  26600-3 0  9994
2 39153  98.1766  73.9581 0011900 168.6441 191.5050 14.97796036726215
0 BRITE-A TUGSAT-1
1 39091U 13009F   26269.75924939  .00000117  00000-0  54549-4 0  9998
2 39091  98.4049  86.7246 0009143 300.5611  59.4673 14.36574818711633
AAUSAT3
1 39087U 13009B   26269.48985142  .00000465  00000-0  16104-3 0  9996
2 39087  98.3731  91.0137 0010202 268.1061  91.8960 14.40040220711751
0 FENGYUN 3B
1 37214U 10059A   26269.93801249  .00000130  00000-0  90616-4 0  9993
2 37214  98.9524 316.3331 0021040 257.8943 225.3207 14.14858459821811
0 TISAT 1
1 36799U 10035E   26269.38557547  .00023603  00000-0  68790-3 0  9999
2 36799  98.0797 225.2523 0001162 152.3267 207.8037 15.35388539883212
0 NOAA 19
1 33591U 09005A   26269.84140987  .00000030  00000-0  39761-4 0  9994
2 33591  98.9430 340.7423 0014817 102.3066 257.9766 14.13487044908845
0 FENGYUN 3A
1 32958U 08026A   26269.75439285  .00000035  00000-0  37238-4 0  9996
2 32958  98.6950 208.7118 0008376 188.7129 171.3903 14.19588702949813
0 YUBELEINY
1 32953U 08025A   26269.90323848  .00000085  00000-0  54100-3 0  9995
2 32953  82.5000 292.1760 0020720  90.1293 270.2162 12.43183502832339
0 CARTOSAT 2A
1 32783U 08021A   26269.98168161  .00000570  00000-0  83150-4 0  9992
2 32783  97.7537 315.1652 0012768 135.0457 225.1791 14.79339014993857
0 MOZHAYETS 4
1 27939U 03042A   26269.95153576  .00001025  00000-0  16561-3 0  9995
2 27939  98.3469  97.2181 0010338 310.9447 211.1717 14.73615862230538
0 NOAA 9
1 15427U 84123A   26269.67538097  .00000061  00000-0  53146-4 0  9997
2 15427  99.0935 298.6412 0015505  64.3976  47.3583 14.17089802157798
0 OSCAR 11 (UOSAT 2)
1 14781U 84021B   26269.63192479  .00001122  00000-0  11911-3 0  9994
2 14781  97.8195 234.1568 0006876 197.5860 162.5122 14.91016014272247
0 OSCAR 7
1 07530U 74089B   26269.89787508 -.00000030  00000-0  10061-3 0  9995
2 07530 101.9915 284.2068 0011961 298.0104 181.2598 12.53699809373262
0 PROX-1
1 44339U 19036A   26269.86856008  .00011416  00000-0  10502-2 0  9991
2 44339  23.9936 153.8673 0005384 136.1613 223.9315 14.92747029388673
0 AUTCUBE 2
1 43681U 18084K   26269.32730728  .00003438  00000-0  21194-3 0  9998
2 43681  98.0595 120.8622 0010195  64.1811 296.0468 15.10650711432199
0 CZ-4B R/B
1 43656U 18081B   26269.78699943  .00000168  00000-0  67660-4 0  9996
2 43656  99.3653 195.7842 0204346 334.3295  24.7851 14.31896326413845
0 CORVUS BC1
1 42847U 17042Y   26269.86456425  .00003338  00000-0  22671-3 0  9992
2 42847  97.4214  68.2583 0013061  99.3732 260.8974 15.06973270502407
0 NORSAT 2
1 42828U 17042D   26269.48435262  .00010619  00000-0  44485-3 0  9992
2 42828  97.4104  81.5035 0010239  59.6501 300.5747 15.23666780503158
0 CARTOSAT 2E
1 42767U 17036C   26269.93537390  .00001949  00000-0  95775-4 0  9997
2 42767  97.4171 327.9956 0002749 344.5390  15.5760 15.19213180513596
0 CHUBUSAT 3
1 41339U 16012C   26269.73172416  .00004872  00000-0  21995-3 0  9996
2 41339  31.0054  26.6286 0008899  21.1903 338.9105 15.19280778583659
0 SINOD-D 1
1 40974U 15058L   26269.27028354  .00017560  00000-0  77772-3 0  9991
2 40974  64.7575 206.2484 0086658   4.4182 355.7688 15.18383316130957
0 FOX-1
1 40967U 15058D   26269.48445128  .00001640  00000-0  15109-3 0  9996
2 40967  64.7745 324.0512 0139545  18.8279 341.7919 14.91422033128677
0 LQSAT
1 40958U 15057A   26269.97141727  .00000332  00000-0  54128-4 0  9999
2 40958  97.6780 258.3637 0015753 305.5201  54.4540 14.76885191590338
0 UKUBE 1
1 40074U 14037F   26269.86597525  .00006380  00000-0  34718-3 0  9995
2 40074  98.4255 283.9519 0002088 137.5930 222.5461 15.14866263663945
0 POLYITAN 1
1 40042U 14033AJ  26269.62132527  .00018522  00000-0  52203-3 0  9997
2 40042  98.0871 305.7125 0007437 142.7373 217.4386 15.36467808669152
0 QB50P1
1 40025U 14033R   26269.86252766  .00006357  00000-0  30217-3 0  9996
2 40025  98.0956 288.2489 0007241 229.6382 130.4220 15.19581321668465
0 BUGSAT 1
1 40014U 14033E   26269.94321135  .00005238  00000-0  27058-3 0  9996
2 40014  98.0435   8.5084 0027105 190.4338 169.6335 15.16467359671259
0 UWE-3
1 39446U 13066AG  26269.79289694  .00003144  00000-0  26789-3 0  9998
2 39446  97.8818 226.6511 0048135 342.5824  17.3744 14.97634429692788
0 FENGYUN 3C
1 39260U 13052A   26269.95445160  .00000063  00000-0  52889-4 0  9995
2 39260  98.5124 239.2195 0015829  90.2957 270.0031 14.15773869672963
STRAND-1
1 39090U 13009E   26269.21459679  .00000201  00000-0  81755-4 0  9995
2 39090  98.3971  87.0045 0007539 292.3497  67.6890 14.37211403711577
AENEAS
1 38760U          23265.85685185  .00000000  00000-0  15764-2 0    06
2 38760  64.6448 191.4103 0027263 114.7582 355.9422 15.68528680    04
0 HORYU 2
1 38340U 12025D   26269.35151725  .00002824  00000-0  28758-3 0  9991
2 38340  98.2318  46.5466 0007448 202.9497 157.1388 14.91571845763800
0 O/OREOS (USA 219)
1 37224U 10062C   26269.57630765  .00001801  00000-0  17411-3 0  9998
2 37224  71.9696 210.6074 0016208 236.5711 123.3910 14.94073229131780
0 CARTOSAT 2B
1 36795U 10035A   26269.98087942  .00000857  00000-0  12400-3 0  9991
2 36795  97.9855 319.8209 0010527 216.4883 143.5612 14.78657959874893
0 XIWANG-1 (HOPE-1)
1 36122U 09072B   26269.93057370 -.00000062  00000-0 -46891-4 0  9993
2 36122 100.4138 222.1787 0007733   6.6782 353.4433 13.16441135806391
0 ITUPSAT 1
1 35935U 09051E   26269.70062659  .00000625  00000-0  13872-3 0  9997
2 35935  98.3946 177.8149 0006260 288.7711  71.2809 14.60564338903550
0 BEESAT
1 35933U 09051C   26269.68901360  .00000673  00000-0  14445-3 0  9993
2 35933  98.3867 178.7220 0003968 275.6891  84.3857 14.61853842904018
0 SWISSCUBE
1 35932U 09051B   26269.69427130  .00000800  00000-0  16713-3 0  9993
2 35932  98.3940 179.3078 0005440 256.8200 103.2394 14.62640514903993
0 KKS-1 (KISEKI)
1 33499U 09002H   26269.85311727  .00001106  00000-0  14178-3 0  9990
2 33499  98.1170 193.9032 0007133 330.6288  29.4524 14.83337532951265
0 EYESAT A
1 22825U 93061C   26269.73827662  .00000070  00000-0  43650-4 0  9993
2 22825  98.6780 337.0630 0008847 155.7021 204.4581 14.30963355721529
0 UWE-4
1 43880U 18111E   26269.75116418  .00040517  00000-0  65823-3 0  9997
2 43880  97.5821 203.2927 0004503 344.5858  15.5257 15.52599712426509
0 SUOMI100
1 43804U 18099AY  26269.15427353  .00012823  00000-0  43668-3 0  9997
2 43804  97.4083 329.2635 0007872 282.8695  77.1666 15.30506156428858
0 ASTROCAST-01
1 43798U 18099AS  26269.22643005  .00054534  00000-0  75901-3 0  9991
2 43798  97.4303 351.3600 0003857 199.0027 161.1085 15.56785594430114
0 ITASAT
1 43786U 18099AE  26269.69127447  .00006461  00000-0  30133-3 0  9990
2 43786  97.3920 319.1945 0012090   5.7787 354.3586 15.20135651428320
0 SNUGLITE
1 43784U 18099AC  26269.63798512  .00011534  00000-0  41121-3 0  9995
2 43784  97.3759 322.9973 0001148 304.7105  55.4027 15.29063266428813
0 SNUSAT-2
1 43782U 18099AA  26269.67670072  .00007365  00000-0  31426-3 0  9991
2 43782  97.3951 321.5367 0008400 304.2731  55.7710 15.23174220428476
OBJECT-Q
1 43772U 18099Q   26182.81231119  .08872736  25300-5  91617-3 0  9998
2 43772  97.3932 266.0295 0016550 265.7852  94.1554 16.37399568417018
0 S-NET D
1 43186U 18014G   26269.70700180  .00004883  00000-0  24703-3 0  9996
2 43186  97.5253 173.8551 0009068  36.5254 323.6596 15.17468481474153
0 S-NET C
1 43189U 18014K   26269.72502379  .00004295  00000-0  21790-3 0  9991
2 43189  97.5285 174.1814 0010600  25.0348 335.1397 15.17426176472709
0 S-NET B
1 43187U 18014H   26269.72052797  .00004251  00000-0  21569-3 0  9999
2 43187  97.5257 173.8579 0009557  32.2525 327.9292 15.17435495474154
0 S-NET A
1 43188U 18014J   26269.70531959  .00004826  00000-0  24411-3 0  9997
2 43188  97.5266 174.0716 0009476  32.8717 327.3104 15.17476810474152
0 AO-91
1 43017U 17073E   26269.43710515  .00009447  00000-0  40049-3 0  9998
2 43017  97.4530 134.5832 0146213 339.2439  20.2892 15.14069867480700
0 CZ-4C R/B
1 43012U 17072C   26269.75796295  .00000389  00000-0  86077-4 0  9994
2 43012  98.5869  21.1243 0121959 198.5567 161.1165 14.58848244471447
0 TECHNOSAT
1 42829U 17042E   26269.89352122  .00002630  00000-0  18649-3 0  9998
2 42829  97.4423  63.8022 0019126 105.3773 254.9570 15.05463970502001
0 DSAT
1 42794U 17036AF  26269.76409502  .00005159  00000-0  23514-3 0  9999
2 42794  97.5680 248.5626 0079995 167.8592 192.4595 15.18236713506264
0 QB50P2
1 40032U 14033Y   26269.82907777  .00005928  00000-0  30970-3 0  9998
2 40032  98.0807 273.1655 0007293 175.6897 184.4399 15.16303354668061
0 DTUSAT 2
1 40030U 14033W   26269.25143598  .00006215  00000-0  32612-3 0  9991
2 40030  98.0915 273.5188 0006127 244.5411 115.5186 15.16133413667994
DUCHIFAT-1
1 40021U 14033M   26260.35376336  .11546644  29318-5  71988-3 0  9995
2 40021  98.0032 334.7798 0013138 273.3726  86.6069 16.40544584670300
0 CUBEBUG 2
1 39440U 13066AA  26269.79450506  .00003658  00000-0  33470-3 0  9999
2 39440  97.9000 219.2920 0058129  51.3069 309.3329 14.94333900692160
0 GOMX 1
1 39430U 13066Q   26269.97657294  .00001633  00000-0  24830-3 0  9992
2 39430  97.6423 104.0232 0129319 110.0614 251.4567 14.69728560684862
0 SRMSAT
1 37841U 11058D   26269.08786495  .00000379  00000-0  61725-4 0  9994
2 37841  19.9707 168.7255 0011722 233.6116 154.7927 14.11594609772097
JUGNU
1 37839U 11058B   26267.52762581  .00000410  00000-0  74571-4 0  9997
2 37839  19.9608  64.8784 0018606  93.4776 314.6377 14.13800520773102
0 CUTE-1.7+APD 2
1 32785U 08021C   26269.91064961  .00004833  00000-0  29922-3 0  9992
2 32785  97.8388 253.5708 0009939  49.8741 310.3357 15.10253590   556
0 CUBESAT XI 5
1 28895U 05043F   26269.70253171  .00001092  00000-0  17872-3 0  9995
2 28895  98.3118  67.5542 0012948 241.2052 118.7855 14.72848864116693
0 NOAA 18
1 28654U 05018A   26269.89505853  .00000042  00000-0  45145-4 0  9996
2 28654  98.8048 348.0628 0013620 218.4126 141.6078 14.13744909100685
XI-IV
1 27848U 03031J   26267.47469237  .00000169  00000-0  93374-4 0  9997
2 27848  98.6805 274.4357 0008313 277.6439  82.3795 14.23663532205503
0 CUTE-1
1 27844U 03031E   26269.26256436  .00000213  00000-0  11117-3 0  9991
2 27844  98.6772 276.5690 0008452 250.0098 110.0171 14.24386317206068
0 PCSAT
1 26931U 01043C   26269.50384235  .00000084  00000-0  62421-4 0  9995
2 26931  67.0527 342.2145 0005915 273.5643  86.4782 14.31986863304956
0 TECHSAT 1B
1 25397U 98043D   26269.77563013  .00000033  00000-0  34524-4 0  9995
2 25397  99.0162 265.1410 0000423 332.7884  27.3272 14.24444466465791
0 NOAA 15
1 25338U 98030A   26269.91431008  .00000082  00000-0  51018-4 0  9991
2 25338  98.5048 287.7900 0011185  53.4756 306.7454 14.27171208475802
0 JAS 2
1 24278U 96046B   26269.82165059 -.00000038  00000-0 -24566-5 0  9990
2 24278  98.5157 104.7572 0349635 192.5179 166.7106 13.53278654486919
0 ITAMSAT
1 22826U 93061D   26269.75725073  .00000073  00000-0  44299-4 0  9992
2 22826  98.6728 337.0101 0009645 140.1896 219.9997 14.31392424721841
0 OSCAR 19 (LUSAT)
1 20442U 90005G   26269.90375542  .00000068  00000-0  40932-4 0  9992
2 20442  98.8811 294.4937 0010467 267.5004  92.4981 14.34146158916971
0 OBJECT C
1 44881U 19093C   26269.95144765  .00000888  00000-0  10583-3 0  9997
2 44881  97.7446 339.6577 0014914 110.0141 250.2682 14.86645881366530
0 AISTECHSAT-2
1 43768U 18099L   26269.61145441  .00005205  00000-0  27201-3 0  9993
2 43768  97.4190 315.4298 0003314 322.8759  37.2244 15.16309325427649
0 MINXSS-2
1 43758U 18099A   26269.74207491  .00041229  00000-0  63129-3 0  9995
2 43758  97.4441 349.4861 0005697 241.2739 118.7942 15.54231234429869
0 METOP-C
1 43689U 18087A   26269.84857094  .00000057  00000-0  45960-4 0  9994
2 43689  98.7323 327.6769 0000426  71.8274 288.2949 14.21474758409272
0 STARS-AO
1 43679U 18084J   26269.15547572  .00006117  00000-0  30455-3 0  9996
2 43679  98.0354 129.3607 0002459 143.7942 216.3457 15.17994710432784
0 FLYING LAPTOP
1 42831U 17042G   26269.95338605  .00003555  00000-0  27742-3 0  9999
2 42831  97.5016  61.8695 0018105 131.6899 228.5879 15.01638965501725
0 CARTOSAT 2D
1 41948U 17008A   26269.98307355  .00002592  00000-0  12611-3 0  9999
2 41948  97.4001 327.3222 0003649 241.1788 118.9080 15.19274715533036
0 PRATHAM
1 41783U 16059A   26269.92342419  .00000444  00000-0  86530-4 0  9991
2 41783  97.8413 262.3622 0029742 254.0754 105.7173 14.67306740534432
0 CANX-5
1 40056U 14034D   26269.19968337  .00000728  00000-0  10019-3 0  9999
2 40056  98.2945 148.1913 0013796  50.0577 310.1844 14.81425933650294
0 NEE 02 KRYSAOR
1 39441U 13066AB  26269.76460542  .00001565  00000-0  17433-3 0  9994
2 39441  97.8955 208.3056 0067149  96.2528 264.6342 14.86937958691293
0 VELOX-P 2
1 39438U 13066Y   26269.41408306  .00003689  00000-0  34628-3 0  9996
2 39438  97.8849 220.9762 0052630   9.1792 351.0376 14.93561477692948
0 ICUBE 1
1 39432U 13066S   26269.70019302  .00013481  00000-0  49295-3 0  9993
2 39432  97.5787 256.8599 0014517 342.0453  18.0271 15.28102367699906
0 BRITE-PL
1 39431U 13066R   26269.74070330  .00000375  00000-0  83570-4 0  9997
2 39431  97.8023  14.8356 0190715  55.5529 306.3526 14.51468751678662
0 DELFI-N3XT
1 39428U 13066N   26269.73590520  .00006017  00000-0  51249-3 0  9996
2 39428  97.8307 190.0055 0071060 227.5535 131.9664 14.96195540689800
0 CINEMA 3
1 39426U 13066L   26269.73260127  .00000883  00000-0  12067-3 0  9991
2 39426  97.8317 179.2411 0088137 242.7271 116.4943 14.78520080689453
0 CASSIOPE
1 39265U 13055A   26269.87959026  .00033660 -67905-6  33007-3 0  9998
2 39265  80.9107 302.5600 0266625  77.8715 285.2254 15.32394788683207
0 NEE 01 PEGASUS
1 39151U 13018B   26269.27312567  .00002023  00000-0  19501-3 0  9996
2 39151  98.1370  56.8846 0012287 185.6330 174.4753 14.94064677725791
0 BRITE-U UNIBRITE
1 39092U 13009G   26269.71095063  .00000118  00000-0  54839-4 0  9995
2 39092  98.4088  86.8128 0008049 297.4886  62.5482 14.36446003711568
0 SARAL
1 39086U 13009A   26269.85129601  .00000058  00000-0  37396-4 0  9991
2 39086  98.5560  95.1505 0002017  23.3669 336.7606 14.32909167710163
0 METOP-B
1 38771U 12049A   26269.90382027  .00000065  00000-0  49391-4 0  9999
2 38771  98.6396 319.3204 0003230  66.9019 293.2499 14.21461265727714
0 METEOR-M
1 35865U 09049A   26269.80757892  .00000043  00000-0  38537-4 0  9997
2 35865  98.7522 231.6091 0002820  37.3754 322.7620 14.23175037883706
0 STARS (KUKAI)
1 33498U 09002G   26269.74779534  .00003734  00000-0  33534-3 0  9997
2 33498  98.1646 221.2919 0008057 182.3306 177.7878 14.96346891953667
0 HAMSAT
1 28650U 05017B   26269.90112188  .00004063  00000-0  25024-3 0  9998
2 28650  97.9857 297.3187 0019967  54.4909 305.8178 15.10438482162117
0 INMARSAT 4-F1
1 28628U 05009A   26269.60323043  .00000040  00000-0  00000-0 0  9990
2 28628   5.3092  42.8102 0002993 152.3862 205.5159  1.00272105 78688
0 OPAL
1 26063U 00004C   26269.76412115  .00000083  00000-0  46738-4 0  9996
2 26063 100.2001 225.3563 0036425 107.4837 253.0331 14.37993932397881
0 ORSTED
1 25635U 99008B   26269.90642673  .00000344  00000-0  83769-4 0  9997
2 25635  96.4685 154.2554 0130457 219.8132 139.3442 14.51894679456727
0 RADIO ROSTO
1 23439U 94085A   26269.84233061 -.00000040  00000-0  80348-4 0  9991
2 23439  64.8145 138.8108 0159447 345.6686  13.9744 11.27583942307367
0 OPS 6582 (TRANSIT 5B-5)
1 00965U 64083D   26269.77346848  .00000030  00000-0  29461-4 0  9992
2 00965  90.0868 203.8829 0041198 343.6019  72.8949 13.57020385 57391
0 M2 PATHFINDER
1 45727U 20037E   26269.51404405  .00001389  00000-0  10216-3 0  9999
2 45727  97.8120 101.9181 0011662 163.2905 196.8708 15.05055081340733
0 TAURUS-1
1 44530U 19059C   26269.96269183  .00004834  00000-0  76099-3 0  9992
2 44530  98.6495  81.2424 0008386 358.2889   1.8287 14.72979998373620
0 FORMOSAT7-4/COSMIC2-4
1 44350U 19036M   26269.00703130  .00002274  00000-0  16771-3 0  9994
2 44350  23.9970 134.6106 0000899 293.7991  66.2416 14.96855916399195
0 ISAT
1 43879U 18111D   26269.39387904  .02157121  25093-5  14970-2 0  9997
2 43879  97.5640 214.6540 0010137 160.7502 199.4169 16.16304884427147
0 CENTAURI-1
1 43809U 18099BD  26269.86529518  .00004128  00000-0  21049-3 0  9994
2 43809  97.4113 319.4020 0013072 341.0222  19.0523 15.17228043427913
0 JY1SAT
1 43803U 18099AX  26269.64847403  .00017791  00000-0  49891-3 0  9995
2 43803  97.4024 332.9932 0003833 261.0450  99.0360 15.36638824429190
0 ESEO
1 43792U 18099AL  26269.88118261  .00000714  00000-0  55089-4 0  9995
2 43792  97.3895 302.8870 0011650 355.8914   4.2215 15.04493232427093
0 LUOJIA-1 01
1 43485U 18048B   26269.95495492  .00001420  00000-0  16221-3 0  9999
2 43485  97.8038 346.4880 0009765 140.3517 219.8415 14.87580577449348
0 LAPAN A3
1 41603U 16040E   26269.92729829  .00002788  00000-0  87872-4 0  9999
2 41603  97.1574 262.8176 0010623  20.6589 339.5082 15.33659858570402
HORYU-4
1 41340U 16012D   26182.79199294  .04204222 -38650-5  11151-2 0  9996
2 41340  30.9791 330.1929 0008660 346.1826  13.8606 16.27112331573163
0 CHUBUSAT 2
1 41338U 16012B   26269.57606913  .00005089  00000-0  21371-3 0  9990
2 41338  30.9981  15.5553 0008374  37.1677 322.9543 15.21766278583872
0 DX 1
1 40071U 14037C   26269.89145814  .00001293  00000-0  13974-3 0  9994
2 40071  98.3993 237.8496 0006064 311.1192  48.9500 14.90244048661250
0 METEOR M2
1 40069U 14037A   26269.92871493 -.00000125  00000-0 -37745-4 0  9992
2 40069  98.5247 242.1271 0006946  98.0764 262.1202 14.21485326633771
0 TRITON 1
1 39427U 13066M   26269.98481339  .00003152  00000-0  37770-3 0  9999
2 39427  97.8153 177.4408 0087647 262.3704  96.7548 14.82088652689160
0 CAPE 1
1 31130U 07012P   26269.73269320  .00000844  00000-0  15896-3 0  9993
2 31130  98.4590 247.0279 0084336 113.7688 247.2387 14.65074248 33228
0 METOP-A
1 29499U 06044A   26269.88331236  .00001698  00000-0  19838-3 0  9992
2 29499  98.3402  19.8296 0174329 105.0116   7.1843 14.76258713 40456
0 SAUDISAT 1C
1 27607U 02058C   26269.22993978  .00000723  00000-0  10290-3 0  9998
2 27607  64.5524 176.3163 0071304 243.8576 115.5184 14.83229784279446
0 BREEZE-KM R/B
1 44909U 19096E   26269.71652125  .00000012  00000-0  11265-4 0  9997
2 44909  82.5164 272.2362 0216312 266.9881  90.6450 12.79749562315334
LAPAN-A2
1 40931U          26265.05814803  .00000000  00000-0  10000-5 0    06
2 40931   6.0006 191.5217 0012733 338.8432 319.8135 14.79311918    08
0 SEEDS
1 32791U 08021J   26269.48087586  .00019102  00000-0  54798-3 0  9993
2 32791  97.7562 272.4972 0001516  19.1897 340.9403 15.35926040  2810
0 CORVUS BC2
1 42846U 17042X   26269.88076769  .00002315  00000-0  15903-3 0  9996
2 42846  97.4186  67.3961 0014186 120.5412 239.7218 15.06823553502375
0 AMSAT OSCAR 40
1 26609U 00072B   26269.18752405 -.00000416  00000-0  00000-0 0  9991
2 26609   9.3247 334.8371 7938409 210.6599  56.4415  1.25589252118780
0 DEORBITSAIL
1 40719U 15032E   26269.85042685  .00005691  00000-0  40420-3 0  9999
2 40719  97.5764 124.7872 0010613 247.5316 112.4787 15.05059864606534
0 OSCAR 10
1 14129U 83058B   26263.04235857 -.00000060  00000-0  00000-0 0  9991
2 14129  25.9788 204.0605 5980330 141.6651 281.5604  2.05869937297448
0 ERS 20 (OV5-3)
1  2768U 67040D   75042.57142285 -.00000859  00000-0  10000-3 0  9999
2  2768  35.1200 158.1261 7498300 182.8409 167.1313  0.50865911 13857
0 OBJECT BS
1 43822U 18099BS  26269.65668253  .00004021  00000-0  21679-3 0  9997
2 43822  97.4213 317.3835 0007706  12.3258 347.8162 15.15313474421583
0 OBJECT P
1 43771U 18099P   26269.42358445  .00020240  00000-0  54895-3 0  9991
2 43771  97.4138 333.8579 0006293 280.8798  79.1738 15.37638526429080
0 OBJECT T
1 43775U 18099T   26269.64658555  .00002746  00000-0  16973-3 0  9990
2 43775  97.4109 310.7370 0005029 354.8491   5.2687 15.10649801427634
0 OBJECT D
1 43761U 18099D   26269.89700939  .00001448  00000-0  10079-3 0  9995
2 43761  97.4089 306.9618 0011369   5.7293 354.4063 15.06919485427421
SDS 3F5
1 32378U 07060A   25165.82553699 0.00000000  00000-0  00000-0 0    05
2 32378  63.9520 169.3856 7029490 266.5714  93.4286  2.00596936    02
0 SALSAT
1 46495U 20068K   26269.48788141  .00007102  00000-0  23938-3 0  9998
2 46495  97.8880 278.8420 0007965 314.4768  45.5820 15.31055817330850
0 NETSAT-1
1 46506U 20068W   26269.78247740  .00010927  00000-0  30685-3 0  9995
2 46506  97.8775 277.6006 0005090  32.9340 327.2219 15.36727053330897
0 NETSAT-2
1 46507U 20068X   26269.77989061  .00018675  00000-0  33596-3 0  9996
2 46507  97.8600 286.7733 0003380  17.4832 342.6534 15.49892511331457
0 NETSAT-3
1 46505U 20068V   26269.79547572  .00016121  00000-0  33331-3 0  9994
2 46505  97.8650 284.5584 0003883 359.9785   0.1462 15.45901556331361
0 NETSAT-4
1 46504U 20068U   26269.77838219  .00017612  00000-0  34943-3 0  9998
2 46504  97.8591 286.4396 0003491 335.4471  24.6610 15.47085703331468
0 DEKART
1 46493U 20068H   26270.00097287  .00010049  00000-0  25893-3 0  9996
2 46493  97.8735 286.7325 0006628 285.6391  74.4121 15.39410999331428
0 NORBI
1 46494U 20068J   26269.99379560  .00020939  00000-0  34169-3 0  9995
2 46494  97.8575 295.2468 0004087 225.3970 134.6948 15.52617403331986
0 ATLAS 5 CENTAUR DEB
1 44694U 18079BG  26267.46170142 -.00000140  00000-0  00000-0 0  9996
2 44694  13.7309  31.2065 4712586 314.9971  15.3079  1.77403742 48323
0 LES 1
1 01002U 65008C   26269.00846147  .00000009  00000-0  62490-4 0  9991
2 01002  32.1399 165.8687 0015281 274.0206  85.8544  9.88355060226166
0 SOLRAD 7B
1 01291U 65016D   26269.71639356 -.00000018  00000-0  25696-4 0  9998
2 01291  70.0815  20.4086 0021940 340.8584  19.1695 13.94985332130860
0 ALOUETTE 2
1 01804U 65098A   26269.81123915  .00000801  00000-0  25671-3 0  9999
2 01804  79.8011 190.1989 1331036  26.5008 339.8257 12.28440231691758
0 OV3-3
1 02389U 66070A   26269.92780335  .00006152  00000-0  27669-3 0  9990
2 02389  81.3233 241.0633 1001474 253.1510  95.7587 13.47469006612669
0 ERS 15
1 02412U 66077C   26267.42406108  .00000002  00000-0  00000-0 0  9995
2 02412  90.3241 278.3941 0005991 330.0375  30.0133  8.59079861398989
0 ISIS 1
1 03669U 69009A   26269.89131756  .00000136  00000-0  84069-4 0  9994
2 03669  88.4366 133.2282 1707911  42.9523 329.2858 11.30451494371261
0 OPS 7613 (P/L 4)
1 04237U 69082E   26269.72038106 -.00000002  00000-0  36803-4 0  9990
2 04237  70.0129 246.9840 0020959 349.8824 182.7096 13.96009196900470
0 OPS 7613 (P/L 1)
1 04256U 69082B   26269.89176037  .00000076  00000-0  88856-4 0  9990
2 04256  70.0073 106.5253 0022005 289.8848  69.9888 13.99217983904692
0 SHINSEI (MS-F2)
1 05485U 71080A   26269.33647776  .00000020  00000-0  16115-5 0  9997
2 05485  32.0568  25.4506 0639855 347.8599  10.7203 12.74258352562163
0 OPS 7898 (P/L 2)
1 05680U 71110C   26269.74087573  .00000007  00000-0  59572-4 0  9994
2 05680  69.9892 153.3433 0006505  23.5556 336.5835 13.74765603362172
0 EUTE 1-F4 (ECS 4)
1 18351U 87078B   26269.88194927 -.00000026  00000-0  00000-0 0  9990
2 18351  13.7580 341.4075 0007996  37.3183  35.9794  0.98687145127762
0 MAKERSAT 0
1 43016U 17073D   26269.62012957  .00021807  00000-0  53595-3 0  9997
2 43016  97.4431 153.0950 0096189 271.2145  87.8080 15.35916738482016
0 CLUSTER II-FM7
1 26410U 00041A   26228.35648488  .00204628 -13535-2  00000+0 0  9995
2 26410 149.5559  61.8704 9119992 279.7536 359.6603  0.44877167 20578
0 CLUSTER II-FM6
1 26411U 00041B   24252.84969984  .00055454 -32453-3  00000+0 0  9994
2 26411 150.0714  39.2512 9137785 255.7698   0.1508  0.44419796 28488
0 CLUSTER II-FM5
1 26463U 00045A   25293.57799104  .00003729  00000-0  00000-0 0  9994
2 26463 145.9975  98.1036 9083513 317.9304   1.7530  0.45057109 19104
0 CLUSTER II-FM8
1 26464U 00045B   26242.68406919  .00218879 -14532-2  00000+0 0  9992
2 26464 149.4895  65.8568 9133957 283.7320   2.2648  0.44936442 20644
0 OBJECT G
1 40905U 15049G   26268.19698946  .00075688  00000-0  49708-3 0  9998
2 40905  97.4428 318.8709 0004566 176.5880 183.5417 15.75489437612142
0 CARTOSAT 3
1 44804U 19081A   26269.91668635  .00002251  00000-0  10979-3 0  9997
2 44804  97.4201 330.0818 0012207 153.4479 206.7383 15.19268753378917
0 LINGQIAO VIDEO A
1 40959U 15057B   26269.94993333  .00000916  00000-0  13505-3 0  9996
2 40959  97.6714 259.7870 0015459 302.1918  57.7794 14.77504916590433
0 LINGQIAO VIDEO B
1 40960U 15057C   26269.91920757  .00000220  00000-0  37532-4 0  9990
2 40960  97.6675 260.8919 0015624 302.2143  57.7553 14.77611705590475
0 JILIN-1-03
1 41914U 17002B   26269.86077172  .00010911  00000-0  24251-3 0  9991
2 41914  97.1973 275.6957 0006639 144.2366 215.9328 15.43820255537536
0 JILIN 1
1 40961U 15057D   26269.88660436  .00000468  00000-0  71103-4 0  9998
2 40961  97.6588 264.2510 0015517 294.9301  65.0297 14.78287586590630
0 JILIN-01-04
1 43022U 17074A   26269.85956775  .00013676  00000-0  29330-3 0  9990
2 43022  97.4931  22.4013 0003735 171.0549 189.0767 15.44851226489954
0 JILIN-01-05
1 43023U 17074B   26269.90798025  .00008530  00000-0  25125-3 0  9990
2 43023  97.4924  17.5706 0004098 214.9555 145.1419 15.35290611489602
0 JILIN-01-06
1 43024U 17074C   26269.90388556  .00005142  00000-0  15519-3 0  9997
2 43024  97.4842  14.4140 0005625 228.8353 131.2405 15.34722312489436
0 JILIN-01-07
1 43159U 18008E   26269.88705825  .00007137  00000-0  20448-3 0  9996
2 43159  97.1746 287.1979 0009706  60.0448 300.1759 15.36164056480605
0 JILIN-01-08
1 43160U 18008F   26269.90205979  .00005395  00000-0  16200-3 0  9991
2 43160  97.1789 286.3995 0007953  74.7918 285.4205 15.34813684480549
0 JILIN-01-09
1 43943U 19005B   26269.89534879  .00003929  00000-0  17899-3 0  9996
2 43943  97.4742   4.0382 0003723  95.8368 264.3293 15.21257014424602
0 JILIN-01-10
1 43946U 19005E   26269.88124250  .00005044  00000-0  19498-3 0  9993
2 43946  97.4811   8.7645 0006477 281.9987  78.0526 15.26678967424821
0 CSSWE
1 38761U 12048D   26269.77722629  .00027388  00000-0  48550-3 0  9990
2 38761  64.6602 107.9874 0027894 134.5927 225.7496 15.49742487132112
FIREBIRD-B
1 39464U 13072C   24128.45952140 +.00019470 +00000+0 +11355-2 0    17
2 39464 120.4762  11.1310 0183873 288.8384  69.2821 14.98949398559739
0 IPEX
1 39471U 13072K   26269.75603751  .00010099  00000-0  45917-3 0  9994
2 39471 120.4659 324.7203 0169204 106.7544 255.2163 15.09713764130565
0 CP5
1 38763U 12048F   26269.19731012  .00012617  00000-0  41705-3 0  9998
2 38763  64.6446 178.2203 0061679 139.8570 220.7142 15.29836067132207
0 PROSPERO (BLACK ARROW)
1 05580U 71093A   26269.80144523  .00000955  00000-0  20326-3 0  9995
2 05580  82.0407 201.6245 0499065 295.8320  59.2181 14.01875766762762
0 CUBEL
1 47448U 21006AM  26269.66829426  .00020056  00000-0  43488-3 0  9997
2 47448  97.2216 319.4513 0006964 152.1191 208.0432 15.44415952315409
0 SECOR 4 (EGRS 4)
1 01315U 65027B   26269.82122381 -.00000056  00000-0 -23254-3 0  9994
2 01315  90.2605  17.9048 0029521 296.3187 186.9519 12.92669119900057
0 UNISAT 7
1 47945U 21022P   26269.73542934  .00013733  00000-0  31354-3 0  9994
2 47945  97.3779 175.8347 0010561  72.2810 287.9590 15.42932320305505
0 OBJECT F
1 47937U 21022F   26269.96057653  .00007497  00000-0  22655-3 0  9993
2 47937  97.3762 170.5974 0011567  87.5630 272.6937 15.34460420305315
0 OBJECT X
1 47953U 21022X   26252.94715253  .06847055  25781-5  66902-3 0  9997
2 47953  97.3670 177.2436 0008034 203.0342 157.0597 16.38318135303965
0 HJ-1A
1 33320U 08041A   26269.97466432  .00001109  00000-0  13846-3 0  9996
2 33320  97.6794 251.9497 0019245 159.7148 200.4836 14.84178785973508
0 HJ-1B
1 33321U 08041B   26269.92354834  .00001253  00000-0  15718-3 0  9994
2 33321  97.6624 254.7583 0035266 207.4875 152.4476 14.83477604973492
0 TURKSAT 3U
1 39152U 13018C   26269.76821750  .00002146  00000-0  19165-3 0  9992
2 39152  97.7914   0.1947 0012781 118.4298 241.8213 14.96934944726281
0 CSS (TIANHE-1)
1 48274U 21035A   26269.49120952  .00007476  00000-0  92857-4 0  9992
2 48274  41.4682  66.8509 0001971 310.6730  49.3937 15.60279698308980
0 SIRION PATHFINDER-2
1 43759U 18099B   26269.37309117  .00003803  00000-0  20552-3 0  9992
2 43759  97.4151 316.0186 0007374 316.5884  43.4767 15.15266028427941
0 MEGSAT 1
1 26546U 00057B   26269.69503220  .00002033  00000-0  14872-3 0  9990
2 26546  64.5468 103.7090 0044096 272.4109  87.1960 15.05952129412946
0 FARADAY_PHOENIX
1 48924U 21059AX  26230.23662953  .05800316  26793-5  56717-3 0  9997
2 48924  97.6371  76.5308 0011721 280.5759  79.4219 16.38155079287531
0 DEMO8(TENZING)
1 48951U 21059CA  26269.85930390  .00019237  00000-0  25116-3 0  9996
2 48951  97.6942 111.2950 0005614 344.2734  15.8346 15.58711438293125
0 SPARTAN
1 48964U 21059CP  26268.23427114  .03742349  26709-5  60220-3 0  9990
2 48964  97.6468 122.2397 0005492 255.3314 104.7373 16.33697643293863
0 FENGYUN 3D
1 43010U 17072A   26269.91231605  .00000279  00000-0  15362-3 0  9995
2 43010  99.0256 246.2344 0002409 103.7058 256.4386 14.19758098459425
0 FENGYUN 3E
1 49008U 21062A   26269.95567549 -.00000266  00000-0 -10438-3 0  9992
2 49008  98.7550 272.2551 0002302 126.3822 233.7567 14.19910937271021
0 ISS (NAUKA)
1 49044U 21066A   26269.85154941  .00007609  00000-0  14781-3 0  9994
2 49044  51.6312 156.9417 0007058 191.1476 168.9357 15.48656208587007
0 ELEKTRO-L 3
1 44903U 19095A   26269.80372172  .00000067  00000-0  00000-0 0  9992
2 44903   0.2049  78.1045 0002812  85.6087 163.8861  0.99408917 24724
0 NOAA 20
1 43013U 17073A   26269.85356159  .00000036  00000-0  37875-4 0  9999
2 43013  98.7833 208.4348 0001084  37.0526 323.0725 14.19527771458896
0 ANGELS
1 44876U 19092D   26117.66670223  .09102593  25597-5  62771-3 0  9997
2 44876  97.3862 337.5251 0009038 257.4278 102.6011 16.40735846354431
0 PROBA 1
1 26958U 01049B   26269.94551628  .00001155  00000-0  77403-4 0  9996
2 26958  97.9619 282.0720 0055686 137.2602 223.2976 15.07833683358950
0 CUPID
1 49264U 21088E   26269.72194857  .00006650  00000-0  25137-3 0  9990
2 49264  97.3762 329.7585 0013115  69.5011 290.7634 15.27229087275674
0 ZHUHAI-1 OHS-02
1 43441U 18040C   26269.95127289  .00005291  00000-0  20166-3 0  9992
2 43441  97.0331 288.2509 0007763 218.4252 141.6436 15.27069281129808
0 PERSEUS M1
1 40039U 14033AF  26269.78545972  .00001467  00000-0  13646-3 0  9990
2 40039  97.9729 215.6431 0010646 326.0991  33.9547 14.95904298665829
0 ORBCOMM FM 36
1 25984U 99065E   26269.65817553  .00000717  00000-0  27399-3 0  9990
2 25984  45.0393  37.8049 0004032 145.7556 214.3553 14.39356819401600
0 DMSP 5D-2 F15 (USA 147)
1 25991U 99067A   26269.94448009  .00000073  00000-0  58596-4 0  9997
2 25991  98.9871 309.7278 0011000  75.4616  45.7315 14.17589342385068
0 GEOSAT
1 15595U 85021A   26269.78157988  .00000042  00000-0  56377-4 0  9997
2 15595 108.0467 292.8878 0002582 266.1667  93.9180 14.40007704177392
0 FORTE
1 24920U 97047A   26269.94533680  .00000129  00000-0  75321-4 0  9991
2 24920  69.9525 144.1727 0020128 145.5844 214.6586 14.27977880513212
0 LEMUR 2 FURIAUS
1 42840U 17042R   26269.46560814  .00019333  00000-0  60166-3 0  9992
2 42840  97.3797  87.6149 0007683  65.3928 294.8114 15.33311596503716
0 ZHUHAI-1 OVS-02
1 43440U 18040B   26269.96087213  .00004436  00000-0  17447-3 0  9992
2 43440  97.0375 281.2282 0001719 236.5531 123.5544 15.26131045468231
0 3CAT-5/A (TYVAK-0161)
1 46292U 20061W   26269.88577536  .00015253  00000-0  28312-3 0  9991
2 46292  97.2298 332.8059 0002996 106.9512 253.2068 15.49027142336757
0 3CAT-5/B (TYVAK-0162)
1 46293U 20061X   26269.70452859  .00019293  00000-0  33685-3 0  9990
2 46293  97.2274 333.8256 0003722 105.4154 254.7510 15.50719877336771
0 SEAHAWK-1
1 43820U 18099BQ  26269.87167539  .00006824  00000-0  28238-3 0  9991
2 43820  97.3850 320.8508 0006746 320.5417  39.5329 15.24247567428011
0 GLOBAL-4
1 44499U 19054E   26269.31661110  .00109182  00000-0  65748-3 0  9997
2 44499  45.0048   8.1079 0008361 331.1457  28.8982 15.76635469396254
0 TIANQI-6
1 46810U 20076D   26269.93132901  .00002940  00000-0  19018-3 0  9994
2 46810  34.9979 143.7448 0010632 341.5410  18.4913 15.07740270323943
0 WNISAT 1R
1 42835U 17042L   26269.89115918  .00001906  00000-0  14924-3 0  9992
2 42835  97.4961  62.4307 0009729 139.9570 220.2375 15.02135942501776
0 FORMOSAT7-3/COSMIC2-3
1 44343U 19036E   26269.07904885  .00004688  00000-0  25689-3 0  9992
2 44343  23.9986 203.7882 0000847  63.4958 296.5633 15.10452270398518
0 FORMOSAT7-1/COSMIC2-1
1 44349U 19036L   26269.65109146  .00002153  00000-0  15750-3 0  9992
2 44349  23.9977  68.1556 0000465 303.9780  56.0676 14.96851759399870
0 FORMOSAT7-2/COSMIC2-2
1 44351U 19036N   26269.09619055  .00002282  00000-0  16847-3 0  9999
2 44351  23.9973 188.3293 0000365 285.6803  74.3658 14.96852774398727
0 FORMOSAT7-6/COSMIC2-6
1 44353U 19036Q   26269.56195182  .00002274  00000-0  16769-3 0  9997
2 44353  23.9983   5.9863 0000978 187.7695 172.2791 14.96863023397025
0 FORMOSAT7-5/COSMIC2-5
1 44358U 19036V   26269.20702382  .00002110  00000-0  15384-3 0  9990
2 44358  23.9991 307.1549 0000066  58.8015 301.2492 14.96858730397503
0 TYVAK-0172
1 46267U 20059C   26096.83989262  .14635205  28105-5  16297-2 0  9995
2 46267  97.7020 342.8884 0007965 229.9948 130.0651 16.37139113307583
0 NAPA-1
1 46320U 20061BA  26268.21589046  .00223650  00000-0  82164-3 0  9995
2 46320  97.2336 346.8459 0002601 223.6874 136.4192 15.87724966337494
0 TYVAK-0173
1 48892U 21059P   26269.88021676  .00001112  00000-0  14357-3 0  9999
2 48892  95.9975 320.9185 0010427  52.2984 307.9177 14.82140343283309
0 MANDRAKE 2 ABLE
1 48907U 21059AE  26269.84938408  .00020715  00000-0  26793-3 0  9999
2 48907  97.6971 107.6928 0004021 354.1878   5.9330 15.58955125292947
0 TYVAK-0130
1 48606U 21041BF  26269.28409050  .00007200  00000-0  26593-3 0  9992
2 48606  52.9946 276.1334 0010666 121.2104 238.9941 15.28780530295840
0 TYVAK-182A
1 48271U 21034D   26269.68409006  .00004066  00000-0  27618-3 0  9993
2 48271  97.5623 326.8332 0005390   2.6224 357.5031 15.06925134295114
0 MANDRAKE 2 BAKER
1 48908U 21059AF  26269.50935939  .00031458  00000-0  32426-3 0  9995
2 48908  97.6915 110.9852 0002566 356.8363   3.2879 15.64774172293116
0 Z-SAT
1 49399U 21102E   26269.93508228  .00003440  00000-0  16757-3 0  9992
2 49399  97.3252 302.1740 0014553 249.5741 110.3931 15.18917810268882
0 TEIKYOSAT-4 (OORURI)
1 49396U 21102B   26269.59836249  .00001281  00000-0  82958-4 0  9996
2 49396  97.3618 295.1294 0010631 309.0599  50.9684 15.09801713268020
0 OBJECT D
1 49398U 21102D   26269.84702580  .00008787  00000-0  28299-3 0  9991
2 49398  97.3100 310.7542 0008170 190.2113 169.8965 15.32406110269587
0 KOSEN-1
1 49402U 21102H   26269.09208481  .00007137  00000-0  26296-3 0  9998
2 49402  97.3093 309.3247 0012583 203.0200 157.0478 15.28053264269427
0 XW-3 (CAS 9)
1 50466U 21131B   26269.95914447  .00000317  00000-0  11123-3 0  9999
2 50466  98.4978   1.7931 0004837 140.7358 219.4183 14.41432725249779
0 PROBA V
1 39159U 13021A   26269.75017693  .00000038  00000-0  34713-4 0  9990
2 39159  98.3725 243.4057 0003933 179.2080 180.9106 14.23614798695564
0 PROBA 2
1 36037U 09059B   26269.75193757  .00000125  00000-0  39680-4 0  9999
2 36037  98.2480  91.7288 0012642 332.0579  27.9938 14.54897357896296
0 SMAP
1 40376U 15003A   26269.89200851  .00000271  00000-0  61572-4 0  9992
2 40376  98.1316 275.5650 0001459  89.5291 270.6078 14.63377634622490
0 HAIYANG 1B
1 31113U 07010A   26269.80783752  .00000045  00000-0  33033-4 0  9997
2 31113  98.3626 247.7713 0012223 260.0434  99.9370 14.31047683 15173
0 HYPSO-1
1 51053U 22002BX  26268.17887288  .00239796  23098-4  78186-3 0  9998
2 51053  97.2725 354.6043 0005361 255.0677 105.0003 15.90646251262693
0 BRO-5
1 51061U 22002CF  26269.90599775  .00013546  00000-0  23485-3 0  9999
2 51061  97.2910 344.7161 0004974 318.2025  41.8847 15.50992048262009
0 ION SCV-004
1 50993U 22002K   26269.87516535  .00004163  00000-0  14018-3 0  9998
2 50993  97.2719 325.6182 0007013   5.4753 354.6564 15.31295720260854
0 ION SCV-004
1 50993U 22002K   26269.87516535  .00004163  00000-0  14018-3 0  9998
2 50993  97.2719 325.6182 0007013   5.4753 354.6564 15.31295720260854
0 AIST 2
1 39133U 13015D   26269.91616897  .00004575  00000-0  17816-3 0  9998
2 39133  64.8672 284.4457 0013905 258.3298 101.6273 15.27225432739432
0 OBJECT V
1 52751U 22057V   26269.90641642  .00007980  00000-0  20425-3 0  9993
2 52751  97.6759  62.8460 0006975  92.8162 267.3882 15.39680333241358
0 ION SCV-006
1 52761U 22057AF  26269.88939597  .00010586  00000-0  20760-3 0  9998
2 52761  97.6227  63.6456 0017509 105.4251 254.8934 15.47387898241839
0 OBJECT D
1 43834U 18102D   26269.90109111  .00281452  31160-4  92806-3 0  9996
2 43834  97.3353   5.0714 0002384 268.9805  91.1195 15.90438524433272
0 OBJECT C
1 44312U 19032C   26269.95746485  .00011628  00000-0  34846-3 0  9998
2 44312  44.9739 155.9743 0007339 191.7595 168.3120 15.34612412403462
0 KAZEOSAT 1
1 39731U 14024A   26269.94951406 -.00000025  00000-0  55006-5 0  9996
2 39731  98.3127 339.8138 0001470  88.8828 271.2530 14.42066045653224
0 GLOBAL-2
1 43812U 18099BG  26269.86723811  .00001711  00000-0  11154-3 0  9991
2 43812  97.3477 302.1431 0006548 150.4271 209.7330 15.09144199427240
0 BRITE TORONTO
1 40020U 14033L   26269.60935037  .00000568  00000-0  92965-4 0  9999
2 40020  97.9876  36.7501 0077356 312.9116  46.5616 14.72825171657146
0 BRITE-PL 2
1 40119U 14049B   26269.25511553  .00001742  00000-0  16497-3 0  9999
2 40119  97.9178  22.0986 0014981 130.8984 229.3536 14.94885645656541
0 SHERPA-AC1
1 52763U 22057AH  26269.44032774  .00008026  00000-0  22024-3 0  9994
2 52763  97.6821  63.0763 0008697  91.4461 268.7779 15.37515796241257
0 HILAT
1 14154U 83063A   26269.93598090  .00000248  00000-0  74960-4 0  9997
2 14154  82.0218  66.4137 0038829 343.9182 183.5837 14.38761949262215
0 AII-BRAVO
1 48270U 21034C   26269.69345778  .00004122  00000-0  30162-3 0  9999
2 48270  97.5518 322.2767 0004380 281.9483  78.1252 15.04122724294870
0 LEMUR 2 KADI
1 43184U 18014E   26155.55157302  .12960309  26026-5  47900-3 0  9995
2 43184  97.4333  87.1754 0013292 239.3082 120.6910 16.42905433459090
0 OMNI-L2
1 52771U 22057AR  26269.70653028  .00000807  00000-0  10934-3 0  9999
2 52771  97.4610 325.1961 0006421   4.4596 355.6674 14.81378184235426
0 BRO-6
1 52422U 22047AE  26269.91529994  .00049916  00000-0  64949-3 0  9997
2 52422  97.3364   3.4808 0004473  60.1821 299.9879 15.58611187246950
0 OBJECT L
1 44889U 19093L   26269.93885068  .00000828  00000-0  80996-4 0  9991
2 44889  97.7489 346.9881 0012872  74.1141 286.1497 14.94959269367007
0 OBJECT H
1 44886U 19093H   26269.91853383  .00001291  00000-0  12156-3 0  9998
2 44886  97.7982 357.5675 0012980  87.6002 272.6705 14.95546603367384
0 OBJECT F
1 44315U 19032F   26116.08672172  .07634054  10452-4  95146-3 0  9994
2 44315  44.9557 153.4418 0002336  17.0554 343.0447 16.35144130381404
0 CBERS 2B
1 32062U 07042A   26269.79281976  .00000173  00000-0  66115-4 0  9994
2 32062  98.4007 212.7052 0031694  30.7944  31.1197 14.41516719999325
0 PEGASUS R/B
1 22491U 93009C   26269.42183468  .00000779  00000-0  12098-3 0  9996
2 22491  24.9764 172.8998 0044119 118.9737 241.5206 14.58074686784425
0 NOAA 2 (ITOS-D)
1 06235U 72082A   26269.67769774 -.00000028  00000-0  11561-3 0  9991
2 06235 102.0062 289.3540 0003998 342.1017 138.3058 12.53218063467665
0 DMC 2
1 35683U 09041C   26269.90632544  .00000610  00000-0  95417-4 0  9994
2 35683  97.8977  42.4765 0001027  79.7446 280.3879 14.76154167921572
0 DMC 3-FM1
1 40715U 15032A   26269.89773818  .00000602  00000-0  75079-4 0  9994
2 40715  97.6298 131.0104 0007059  79.4342 280.7669 14.85826662605018
0 DMC 3-FM2
1 40716U 15032B   26269.91929330  .00001259  00000-0  15045-3 0  9995
2 40716  97.6349 132.6724 0007675  83.9011 276.3079 14.85838353605014
0 DMC 3-FM3
1 40717U 15032C   26269.94339600  .00000527  00000-0  66469-4 0  9998
2 40717  97.6399 134.5109 0006881  83.3972 276.8027 14.85824550605029
0 SSTL S1-4
1 43618U 18071A   26269.92246417  .00001670  00000-0  14366-3 0  9996
2 43618  97.4860 137.2616 0007035 233.7603 126.2971 14.98661332438155
0 MOHAMMED VI-B
1 43717U 18095A   26269.92534911  .00000273  00000-0  45795-4 0  9990
2 43717  97.9477 340.7967 0001356 101.8153 258.3210 14.77103341423200
0 MOHAMMED VI-A
1 43005U 17070A   26269.95920873  .00000437  00000-0  69066-4 0  9990
2 43005  97.9479 340.8381 0001349  80.2156 279.9206 14.77079668479005
0 OBJECT S
1 51840U 22019S   26121.31511215  .17660270  25644-5  15609-3 0  9992
2 51840  97.3405 219.2395 0012643 277.8999  82.0872 16.51358146232864
0 CARBONITE 1
1 40718U 15032D   26269.94854322  .00001235  00000-0  15488-3 0  9993
2 40718  97.6561  83.8189 0013691 325.7534  34.2797 14.83849126604437
0 STEP CUBE LAB-II
1 52897U 22065D   26269.94782957  .00000771  00000-0  15833-3 0  9990
2 52897  98.2371  53.6319 0009773  69.2122 291.0125 14.63433350226381
0 RANDEV
1 52898U 22065E   26269.85345701  .00000699  00000-0  14315-3 0  9996
2 52898  98.2354  53.9345 0009110  69.7044 290.5137 14.63825718226120
0 SNUGLITE-II
1 52899U 22065F   26269.35961787  .00000743  00000-0  14934-3 0  9997
2 52899  98.2353  54.1078 0008584  70.2941 289.9187 14.64501021225803
0 AISSAT 1
1 36797U 10035C   26269.70529001  .00001276  00000-0  11420-3 0  9997
2 36797  98.0800 172.4820 0010431  79.5527 280.6869 14.97713020879419
0 STARLINK-2342
1 47883U 21021Z   26221.29382532  .10265833  12504-4  34182-3 0  9998
2 47883  53.1310 236.0585 0005207 288.2631  71.7852 16.44437377300388
0 MIMAN
1 52900U 22065G   26269.34718529  .00000390  00000-0  87364-4 0  9999
2 52900  98.2415  51.4135 0008768  73.2977 286.9186 14.61933721225220
0 YOUTHSAT
1 37388U 11015B   26269.79322145  .00000139  00000-0  75928-4 0  9993
2 37388  98.3824 239.3296 0015444  46.8218  70.1701 14.25664713802113
0 IRS 1B
1 21688U 91061A   26269.69447723  .00000331  00000-0  26587-3 0  9997
2 21688  99.4136 280.1841 0025499  87.4545  23.1008 13.97885479682679
EXPLORER 50 (IMP-8)
1 06893U 73078A   25196.57914163 -.00001058  00000+0  00000+0 0  9993
2 06893   9.0739 118.5325 1991774 108.5150   0.8671  0.08284795 11624
0 GOES 17
1 43226U 18022A   26269.60333984 -.00000178  00000-0  00000-0 0  9998
2 43226   1.1906  83.9754 0001147 143.6822 265.4890  1.00271257 31442
0 ATS 5
1 04068U 69069A   26269.66392010  .00000106  00000-0  00000-0 0  9997
2 04068   0.4320 117.2924 0005931 155.2268 188.4495  0.99491250 47337
0 OBJECT C
1 53107U 22080C   23025.30817819 -.00000003  00000-0  00000-0 0  9991
2 53107  70.1748   9.4735 0013378 210.3558 149.6328  6.42110577 12479
0 AVUM R/B
1 53109U 22080E   26269.03664585 -.00000003  00000-0  00000-0 0  9996
2 53109  70.1207 263.1631 0009208 267.9874  91.9731  6.42583779 98548
0 CELESTA
1 53111U 22080G   23145.85382453 -.00000003  00000-0  00000+0 0  9999
2 53111  70.6593 327.3289 0101863  79.9078 281.3061  6.46589524 20200
0 MT-CUBE-2
1 53106U 22080B   25119.54530882 -.00000003  00000-0  00000+0 0  9993
2 53106  70.1441  82.5809 0008360  32.9040 327.2139  6.42557753 65597
TRISAT-R
1 53108U 22080D   25164.43750000  .00000000  00000-0  00000-0 0    09
2 53108  70.1723  68.0769 0013203  29.9127  11.4181  6.42152585    08
0 ALPHA
1 53110U 22080F   22249.50115603 -.00000003  00000-0  00000+0 0  9995
2 53110  70.1887  58.2730 0239395 148.5037 284.5041  6.42698116  3412
0 LARES-2
1 53105U 22080A   26257.22762985  .00000002  00000-0  00000-0 0  9991
2 53105  70.1478 274.7815 0005529 316.6821  43.3442  6.38965299 97356
0 VIGORIDE 3
1 52760U 22057AE  26269.34553315  .00005760  00000-0  21232-3 0  9991
2 52760  97.6753  52.1624 0009287 123.5787 236.6340 15.28190371240601
0 COSMOS 2499
1 39765U 14028E   26269.89746706  .00000045  00000-0  12171-3 0  9991
2 39765  82.4535 183.8059 0232325 122.6425 239.7329 12.82904979578064
0 SAUDISAT 4
1 40016U 14033G   26269.83020748  .00000506  00000-0  73149-4 0  9998
2 40016  97.7739  52.5493 0046097 102.3024 258.3354 14.79652423661108
0 SAUDISAT 2
1 28371U 04025F   26269.82482758  .00000179  00000-0  51064-4 0  9998
2 28371  98.5570 272.4671 0024402 347.4044  12.6540 14.56730882180544
0 HIBER-2
1 43774U 18099S   26028.96940761  .08639631  25068-5  13938-2 0  9990
2 43774  97.4270 113.4809 0009314 286.8843  73.1432 16.33569322393452
0 YAM-3
1 48915U 21059AN  26269.77425477  .00010627  00000-0  18770-3 0  9994
2 48915  97.6951 103.5396 0005007  12.8108 347.3269 15.50551090292722
0 TIROS N
1 11060U 78096A   26269.64792640  .00000084  00000-0  59623-4 0  9992
2 11060  98.4517 286.0978 0009469 313.1249  46.9135 14.19398455693145
0 TIROS 10
1 01430U 65051A   26269.79132946  .00000113  00000-0  47625-4 0  9994
2 01430  98.5152  28.7367 0056126 133.2887 227.3004 14.41659828210554
0 OBJECT G
1 44316U 19032G   26269.91802338  .00012595  00000-0  44826-3 0  9991
2 44316  44.9712 224.8707 0009647 117.2407 242.9460 15.28986143402645
0 SECOR 7 (EGRS 7)
1 02411U 66077B   26268.99182811  .00000013  00000-0  58962-2 0  9993
2 02411  90.3237 278.6197 0010033 315.2005  44.8036  8.59615472886045
0 SECOR 13 (EGRS 13)
1 03891U 69037B   26269.86013027 -.00000017  00000-0  43828-4 0  9996
2 03891  99.6294 136.8576 0039597   2.8021  57.2021 13.42980427815409
0 OMNI-L1
1 52157U 22033A   26269.79827762  .00001368  00000-0  17465-3 0  9997
2 52157  97.8328 346.9834 0004220 325.3367  34.7571 14.83042706242519
0 KHAYYAM
1 53370U 22096A   26269.97320606  .00003696  00000-0  15232-3 0  9995
2 53370  97.3327 172.2451 0002480  73.2845 286.8664 15.24700680230105
0 FENGYUN 1D
1 27431U 02024B   26269.74826801 -.00000040  00000-0  25942-5 0  9998
2 27431  98.9411 319.5612 0014648 319.7824  40.2262 14.10235428253797
0 STARLINK-3100
1 49144U 21082Q   26269.78246262  .00000536  00000-0  52730-4 0  9992
2 49144  69.9999 147.4224 0002339 264.9002  95.1890 14.98338189276101
0 STARLINK-4410
1 53204U 22084R   26269.87399376 -.00006571  00000-0 -17970-3 0  9995
2 53204  97.4569 333.8061 0000972 133.7524 226.3801 15.36996753230633
0 STARLINK-4400
1 53468U 22099D   26269.91668981 -.00002676  00000-0 -10172-3 0  9998
2 53468  97.2869  23.5961 0002714  85.2844  89.5512 15.25926792  5687
0 STARLINK-4621
1 53676U 22105AE  26269.92891027  .00000741  00000-0  55221-4 0  9991
2 53676  97.2847 143.3906 0002132  77.4449 282.7017 15.05667368223512
0 STARLINK-4362
1 53043U 22077A   26269.48388944 -.00000472  00000-0 -12313-4 0  9995
2 53043  97.2856  84.2018 0001376 100.9922 259.1475 15.33422965231219
0 BLUEWALKER 3
1 53807U 22111AL  26269.56302022  .00006602  00000-0  17629-3 0  9997
2 53807  53.2276 277.6287 0006837 121.8551 238.3121 15.39369987225814
0 OTB-3-GAZELLE
1 54023U 22127A   26269.87322153  .00000074  00000-0  35213-4 0  9993
2 54023  98.4049 260.0796 0012001 239.6517 120.3487 14.42703874209025
0 KSM1-A
1 46912U 20081H   26269.92707080  .00008898  00000-0  32760-3 0  9995
2 46912  36.8964 153.3223 0000791  49.2515 310.8303 15.27365379324737
0 KSM1-B
1 46914U 20081K   26269.96525209  .00007535  00000-0  29177-3 0  9997
2 46914  36.9018 161.8099 0003452  16.4507 343.6354 15.25767898327732
0 KSM1-C
1 46906U 20081B   26269.93461269  .00008670  00000-0  31115-3 0  9996
2 46906  36.8918 150.0657 0003715 326.2984  33.7530 15.28209599324736
0 OBJECT D
1 51827U 22019D   26269.92927017  .00417049  75775-4  85031-3 0  9999
2 51827  97.3544   9.5806 0003113 212.8428 147.2657 15.99453579255786
0 SHERPA-LTC2
1 53754U 22107BG  26267.92757502  .00004629  00000-0  23722-3 0  9996
2 53754  53.2341 157.8492 0393317 145.2016 217.5370 14.70372150217213
0 OSCAR 16 (PACSAT)
1 20439U 90005D   26269.86094520  .00000065  00000-0  40073-4 0  9990
2 20439  98.8438 307.8842 0009561 295.7959 239.3874 14.33960923916506
0 OBJECT D
1 44882U 19093D   26269.92565810  .00005143  00000-0  35390-3 0  9995
2 44882  97.7946   5.7665 0014323  44.2518 315.9851 15.06273394367925
0 WREN
1 39435U 13066V   14099.35188471  .00002386  00000-0  27506-3 0  9992
2 39435  97.7868 174.0379 0056077 109.7041 251.0236 14.85489138 20584
0 COSMOS 2463
1 36519U 10017A   26269.80224095  .00000046  00000-0  34510-4 0  9995
2 36519  82.9643 175.0582 0035348 206.2743 214.1949 13.71671001821865
0 COSMOS 2414
1 28521U 05002A   26269.89662204  .00000076  00000-0  50509-4 0  9993
2 28521  82.9515 326.7189 0040960  41.0370 319.3862 13.87935047 97926
0 COSMOS 2407
1 28380U 04028A   26269.78159898  .00000060  00000-0  45548-4 0  9991
2 28380  82.9653 359.5844 0038415 329.9356 148.8463 13.76341092113850
0 KSM1-D
1 46907U 20081C   26269.94712090  .00007747  00000-0  29782-3 0  9990
2 46907  36.8956 161.0657 0002751 338.8034  21.2601 15.25991583324644
0 OBJECT H
1 53451U 22098H   26117.57590324  .09658889  26632-5  28822-3 0  9993
2 53451  97.5482 255.1474 0012673 271.4877  88.4972 16.44056768207372
0 IRIDIUM 116
1 43072U 17083C   26269.72818377  .00000036  00000-0  58953-5 0  9997
2 43072  86.3905 279.5431 0002014  92.3947 267.7479 14.34217837458729
0 IRIDIUM 113
1 42803U 17039A   26269.75355467  .00000017  00000-0 -94730-6 0  9992
2 42803  86.3912 279.7175 0002253  90.9746 269.1708 14.34217606485748
0 IRIDIUM 130
1 43073U 17083D   26269.48716580  .00000019  00000-0 -35967-6 0  9997
2 43073  86.3914 279.9293 0001958  88.0389 272.1031 14.34217648458632
0 OBJECT T
1 51841U 22019T   26155.99859174  .08863804  25266-5  38933-3 0  9996
2 51841  97.3498 253.9130 0015819 261.5810  98.3697 16.41716669238205
0 OBJECT R
1 51839U 22019R   26157.35070802  .08475770  25153-5  75233-3 0  9998
2 51839  97.3544 255.4419 0013577 264.5878  95.3872 16.38904555238411
0 OBJECT M
1 51835U 22019M   26120.80150797  .14453301  25711-5  16849-3 0  9997
2 51835  97.3515 218.7383 0014909 270.1758  89.7838 16.49258376232763
0 OBJECT L
1 51834U 22019L   26094.86293574  .04742356  24575-5  11271-2 0  9993
2 51834  97.3534 192.0232 0009733 271.1205  88.8974 16.29530138228759
0 OBJECT H
1 51831U 22019H   26111.62901392  .08912270  25172-5  56557-3 0  9997
2 51831  97.3448 208.8638 0012686 268.1436  91.8411 16.40538195231320
0 OBJECT E
1 49007U 21061E   26120.95513259  .12078408  24990-5  26262-3 0  9990
2 49007  97.2686 201.7525 0014506 262.1565  97.8091 16.45518277268843
0 OBJECT D
1 49006U 21061D   26112.70189028  .15915864  25453-5  16153-3 0  9998
2 49006  97.2690 193.3521 0010540 259.1136 100.8983 16.50608492267561
0 JILIN-01 GAOFEN 3J
1 46462U 20065J   26131.24550622  .14462653  24832-5  20374-3 0  9998
2 46462  97.2084 192.2839 0012891 259.1496 100.8358 16.48268073314621
0 JILIN-01 GAOFEN 3H
1 46460U 20065G   26269.90766003  .00307725  38456-4  84817-3 0  9994
2 46460  97.2006 327.3458 0003851 242.7860 117.3024 15.93904854335922
0 JILIN-01 GAOFEN 3G
1 46459U 20065F   26268.06114679  .13300484  24710-5  27539-3 0  9990
2 46459  97.1979 330.4883 0010321 260.7313  99.2823 16.46296368335779
0 JILIN-01 GAOFEN 3F
1 46458U 20065E   26269.86431769  .00086552  00000-0  61394-3 0  9991
2 46458  97.2025 322.4497 0010512 128.2174 232.0038 15.73602012335623
0 JILIN-01 GAOFEN 3E
1 46457U 20065D   26269.07082128  .00154641  00000-0  83216-3 0  9996
2 46457  97.2063 324.9736 0008837 143.1491 217.0386 15.79727158335592
0 JILIN-01 GAOFEN 3B
1 46454U 20065A   26117.01126189  .16184280  25073-5  18480-3 0  9997
2 46454  97.1995 178.0186 0011164 251.7622 108.2468 16.49777179312423
0 ARKTIKA-M 1
1 47719U 21016A   26206.87236863 -.00000386  00000-0  00000-0 0  9995
2 47719  63.2598  51.9767 7301002 270.1217  14.4714  2.00607275 39564
0 EOS-6
1 54361U 22158A   26269.95032763  .00000182  00000-0  62050-4 0  9995
2 54361  98.3555   6.7964 0002090  71.8657 288.2763 14.46982914202551
0 CORIOLIS
1 27640U 03001A   26269.73630639  .00000060  00000-0  48768-4 0  9998
2 27640  98.7169 275.0912 0012894 281.7210  78.2519 14.19968384228638
0 CLOUDSAT
1 29107U 06016A   26269.86048325  .00000641  00000-0  79241-4 0  9991
2 29107  98.3835 312.7491 0005406  17.7908 342.3495 14.86552403 89613
0 ELEKTRO-L
1 37344U 11001A   26269.59146645  .00000132  00000-0  00000-0 0  9995
2 37344   9.9113  53.4371 0003236  49.3054 326.3891  1.00187290 57505
0 ELEKTRO-L 2
1 41105U 15074A   26269.19059582 -.00000109  00000-0  00000-0 0  9993
2 41105   6.9406  69.2398 0001958 191.4896 158.3995  1.00272151 39513
0 CENTISPACE-1 S6
1 54021U 22126B   26269.85631672  .00000439  00000-0  12309-3 0  9992
2 54021  54.9988 168.4149 0012028 305.0518  54.9347 14.62395830211877
0 CENTISPACE-1 S3
1 53757U 22108A   26269.84667339  .00000301  00000-0  98429-4 0  9991
2 53757  53.5346 354.8586 0008046 252.1225 107.8873 14.61338505216392
0 APRIZESAT 9
1 40018U 14033J   26269.60713446  .00000535  00000-0  85978-4 0  9994
2 40018  97.9207  40.4152 0064896 233.5711 125.9504 14.74316267658501
0 APRIZESAT 7
1 39416U 13066A   26269.78084713  .00000706  00000-0  75059-4 0  9995
2 39416  97.7822 221.6074 0034353 233.1945 126.6121 14.91768469696372
0 APRIZESAT 8
1 39425U 13066K   26269.76794529  .00000857  00000-0  98373-4 0  9997
2 39425  97.8316 215.8701 0044673 313.0683  46.6797 14.87814155694777
0 APRIZESAT 6
1 37793U 11044F   26269.69881057  .00000535  00000-0  82445-4 0  9998
2 37793  98.2282 182.2323 0044128 120.0675 301.4415 14.77033133812138
0 MATS
1 54227U 22147A   26269.73297561  .00001999  00000-0  14201-3 0  9990
2 54227  97.6886 270.9554 0011459 207.8939 152.1675 15.05822054213045
0 LYNK TOWER 3
1 55046U 23001AP  26269.88832910  .00009488  00000-0  25348-3 0  9994
2 55046  97.3090 329.6971 0008944 110.5982 249.6224 15.38265575207531
0 LYNK TOWER 4
1 55034U 23001AB  26269.67643599  .00006780  00000-0  20414-3 0  9992
2 55034  97.3086 327.6586 0009524 111.6477 248.5782 15.34629112207386
0 KUWAITSAT-1
1 55103U 23001CY  26269.89694216  .00022647  00000-0  35155-3 0  9993
2 55103  97.3154 342.5598 0008752  64.7835 295.4325 15.53943563208369
0 CONNECTA T1.2
1 55012U 23001D   26269.73426084  .00052236  00000-0  66544-3 0  9994
2 55012  97.3153 342.7509 0005294  89.9140 270.2723 15.59159710208325
0 BRO-8
1 55011U 23001C   26269.90710613  .00035310  00000-0  51648-3 0  9999
2 55011  97.3086 336.9452 0006414 108.5103 251.6849 15.55512164207988
0 HUYGENS
1 55093U 23001CN  26269.97385449  .00007969  00000-0  19089-3 0  9993
2 55093  97.3153 337.3548 0010582  79.2510 280.9928 15.41642266208044
0 OBJECT A
1 55009U 23001A   26269.92795154  .00014582  00000-0  30936-3 0  9996
2 55009  97.3065 334.9242 0006754 103.8640 256.3361 15.45131668207928
0 BIRKELAND
1 55015U 23001G   26269.90886595  .00008229  00000-0  19726-3 0  9996
2 55015  97.3253 338.1948 0007972  98.2129 262.0023 15.41633316208018
GUARDIAN ALPHA
1 70326C 23001AB  23003.66764859  .00091283  00000+0  51198-2 0    04
2 70326  97.5087  65.7870 0015886 214.5672 168.9126 15.13313322    12
SPHERE-1
1 70329C 23001AE  23003.66784188  .00089600  00000+0  50543-2 0    07
2 70329  97.5093  65.7875 0015070 215.7489 168.7815 15.13120024    19
0 SKYKRAFT-1A
1 55054U 23001AX  26269.72666059  .00004719  00000-0  16419-3 0  9996
2 55054  97.3106 325.5263 0010717 125.5393 234.6848 15.30130764207247
ORBITER SN1
1 70377C 23001CE  23003.68208725  .00066625  00000+0  37949-2 0    07
2 70377  97.5052  65.8019 0012930 216.4030 245.6566 15.12806539    19
0 EOSSAT-1
1 55053U 23001AW  26269.71116389  .00004362  00000-0  13305-3 0  9995
2 55053  97.3131 329.4297 0010444 110.5703 249.6661 15.34421052207482
0 ION SCV-008
1 55051U 23001AU  26269.86495041  .00005963  00000-0  20973-3 0  9991
2 55051  97.5726   7.9638 0014772  19.3767 340.8031 15.29646005206871
0 ION SCV-007
1 55060U 23001BD  26269.77622490  .00000291  00000-0  47821-4 0  9992
2 55060  97.8898 330.7197 0012565  14.1721 345.9839 14.77625486201253
0 VIGORIDE 5
1 55056U 23001AZ  26269.75921586  .00096621  00000-0  71029-3 0  9991
2 55056  97.3131 345.3803 0006437 160.8188 199.3320 15.72777144208568
0 YAM-5
1 55076U 23001BV  26269.75125848  .00009630  00000-0  23985-3 0  9992
2 55076  97.3092 332.7002 0009881 101.7881 258.4474 15.40402413207731
MENUT (GENEO)
1 70309C 23001J   23003.66403400  .00096558  00000+0  56818-2 0    01
2 70309  97.5066  65.7823 0009655 230.0594 133.7523 15.11657802    14
0 SAUDISAT 5A
1 43831U 18102A   26269.96387037  .00004488  00000-0  16215-3 0  9991
2 43831  97.2958 329.5817 0010769 127.3506 232.8717 15.28923922431228
0 SAUDISAT 5B
1 43833U 18102C   26269.96717579  .00004408  00000-0  15825-3 0  9999
2 43833  97.3072 332.8391 0011427 129.5407 230.6845 15.29136081431342
EPIC CHIMERA LEO 1
1 88310U          23005.58241233 +.00008746 +00000+0 +51053-3 0  0002
2 88310  97.5034  67.6665 0010472 213.2239 146.8336 15.12121087 00045
NEWSAT 32
1 70365C 23001BS  23003.67778169  .00074297  00000+0  42091-2 0    05
2 70365  97.5065  65.7992 0013615 219.8639 218.7610 15.12989524    19
0 CONTINUUM-1
1 55045U 23001AN  26269.94382176  .00010374  00000-0  32250-3 0  9990
2 55045  97.3259 331.9874 0009801  87.5573 272.6791 15.33474076207838
NEWSAT 33
1 70369C 23001BW  23003.67920993  .00072235  00000+0  41485-2 0    09
2 70369  97.5055  65.7926 0013201 209.1298 237.2829 15.12505598    16
NEWSAT 35
1 70374C 23001CB  23003.68111271  .00069596  00000+0  39934-2 0    09
2 70374  97.5055  65.8006 0012572 211.6533 245.1041 15.12545124    15
0 CZ-4C R/B
1 52085U 22027B   26269.81125672 -.00000007  00000-0  88420-4 0  9994
2 52085  63.3921 148.3626 0241669  22.3315 338.8032 13.65486281225910
0 OBJECT F
1 44884U 19093F   26269.91497325  .00002806  00000-0  22183-3 0  9990
2 44884  97.7915   0.0555 0017742  53.1857 307.0991 15.01375393367689
0 OBJECT F
1 54687U 22167F   26199.75650564  .07709499  26771-5  46652-3 0  9992
2 54687  97.5939  32.2115 0011495 265.3431  94.6556 16.40917510201891
0 ETV-A1
1 51060U 22002CE  26269.91941733  .00009603  00000-0  22291-3 0  9997
2 51060  97.2776 336.0080 0004195 355.5406   4.5803 15.42575959261516
ISS (ZARYA)
1 25544U 98067A   23006.23627037  .00014367  00000+0  25952-3 0  9997
2 25544  51.6447  50.7420 0004899 231.6381 243.6067 15.49962952376670
ORBITER SN1
1 70377C 23001CE  23003.68208725  .00066625  00000-0  37949-2 0    08
2 70377  97.5052  65.8019 0012930 216.4030 245.6566 15.12806539    19
ORBITER SN1
1 70377C 23001CE  23003.68208725  .00066625  00000-0  37949-2 0    08
2 70377  97.5052  65.8019 0012930 216.4030 245.6566 15.12806539    19
0 GAOFEN 6
1 43484U 18048A   26269.93281773  .00000298  00000-0  50294-4 0  9992
2 43484  98.0874 332.7694 0010144 196.9696 163.1175 14.76448611448407
0 GAOFEN 7
1 44703U 19072A   26269.95935552  .00003059  00000-0  13910-3 0  9999
2 44703  97.5613 331.0334 0019660  55.3692 304.9393 15.21353146383118
0 CBERS 4A
1 44883U 19093E   26269.94232493  .00000543  00000-0  76134-4 0  9997
2 44883  98.0103 337.4225 0001036  57.0873 303.0439 14.81461485366140
0 NINGXIA-1 1
1 44779U 19076A   26269.93427351  .00000008  00000-0  89635-4 0  9996
2 44779  45.0052  85.1246 0011470 275.3260  84.6265 14.02117517352137
0 ZY 3 2
1 41556U 16033A   26269.94306903  .00004481  00000-0  20275-3 0  9999
2 41556  97.3758 343.7112 0011639 306.8165  53.2002 15.21354913573452
0 HJ-2E
1 54035U 22132A   26269.98490013  .00005633  00000-0  26337-3 0  9997
2 54035  97.3843 272.5173 0006499  38.4524 321.7173 15.20152586219904
0 LT-1 01A
1 51284U 22007A   26269.96270455  .00000416  00000-0  50776-4 0  9994
2 51284  97.8110 275.9414 0001602  90.2083 269.9317 14.88414495253613
0 ICEYE-X6
1 46497U 20068M   26269.93189663  .00001763  00000-0  12915-3 0  9994
2 46497  98.1059 268.5429 0008672 105.5343 254.6840 15.04952959328533
0 ASNARO-2
1 43152U 18007A   26269.99795449  .00005545  00000-0  24286-3 0  9996
2 43152  97.3996 275.3473 0001788  92.3475 267.7967 15.22423139482904
0 EGYPTSAT A
1 44047U 19008A   26269.94886432  .00000378  00000-0  67597-4 0  9992
2 44047  98.0100 333.2919 0001043  94.6632 265.4695 14.72299813408215
0 SUPERVIEW-1 03
1 43099U 18002A   26269.93186559  .00019084  00000-0  43029-3 0  9990
2 43099  97.3086 354.8047 0043877 171.4504 188.7501 15.42247905484030
0 HODOYOSHI 4
1 40011U 14033B   26269.96285997  .00000712  00000-0  82281-4 0  9992
2 40011  97.5474  89.9156 0022961 331.6698  28.3269 14.88328617663944
0 HYSIS
1 43719U 18096A   26269.92002560  .00000349  00000-0  54726-4 0  9991
2 43719  97.9751 335.8143 0001579 111.3689 248.7691 14.78666215422452
0 CFOSAT
1 43662U 18083A   26269.91241189  .00002388  00000-0  12620-3 0  9996
2 43662  97.3655 271.4727 0003084 103.5811 256.5766 15.16430740437857
0 COSMOS 2561
1 54109U 22137A   26269.52535772  .00013761  00000-0  21356-3 0  9993
2 54109  96.9070 324.8347 0009776  19.4752 340.6875 15.54030670222077
0 SHARJAHSAT-1
1 55104U 23001CZ  26269.92540226  .00022728  00000-0  36674-3 0  9996
2 55104  97.3056 340.3030 0006522  95.9585 264.2412 15.52887370208261
0 XINGYUN-2 01
1 45602U 20028A   26269.92627975  .00002188  00000-0  13052-3 0  9994
2 45602  97.4951 260.3847 0008061 204.2057 155.8796 15.12170811350218
0 ARCSAT-1
1 52161U 22033E   26269.49347158  .00015774  00000-0  22844-3 0  9998
2 52161  97.2743   3.4285 0004958 165.8112 194.3283 15.55954266251445
0 GLOBAL-13
1 49773U 21115BB  26269.68721643  .00020585  00000-0  37260-3 0  9993
2 49773  53.1952 290.7663 0003963  72.9410 287.2034 15.49656389271488
0 GLOBAL-12
1 49772U 21115BA  26269.58578892  .00036089  00000-0  44811-3 0  9993
2 49772  53.1923 274.8043 0003963  40.2598 319.8709 15.59676092271693
0 SKIF-D
1 54153U 22139D   26267.98634050  .00000055  00000-0  00000-0 0  9993
2 54153  89.9439  96.6306 0007808 161.1176 198.9835  5.00426847 69103
0 OBJECT J
1 51832U 22019J   26269.94001034  .00001712  00000-0  80694-4 0  9991
2 51832  97.3336 330.0869 0007254 224.9790 135.0859 15.20797820253262
0 HAIYANG 1D
1 45721U 20036A   26269.90123208 -.00000078  00000-0 -12466-4 0  9990
2 45721  98.4619 209.3962 0002154 181.9918 178.1259 14.34200035329557
0 TANSAT
1 41898U 16081A   26269.95326991  .00000123  00000-0  36163-4 0  9994
2 41898  98.5419 273.2519 0020579 358.4896   1.6238 14.60008222519474
0 SHIJIAN 6 03A (SJ-6 03A
1 33408U 08053A   26269.91929091  .00004181  00000-0  20907-3 0  9994
2 33408  97.8334 306.7973 0011754  28.9874 331.2010 15.17974111978398
0 SJ-9A
1 38860U 12056A   26269.80411407  .00000840  00000-0  10253-3 0  9995
2 38860  97.6847 238.1605 0023954 284.0637  75.7916 14.85660037714676
0 KL-ALPHA A
1 44785U 19077A   26269.94738175  .00000129  00000-0  16664-3 0  9999
2 44785  88.9325 211.4533 0010904 161.4116 198.7439 13.56051057339524
0 GAOFEN 3
1 41727U 16049A   26269.99993002 -.00000063  00000-0 -58928-5 0  9995
2 41727  98.4049 276.2674 0001055 102.0978 258.0330 14.42209868533320
0 LEMUR 2 GREENBERG
1 42837U 17042N   26269.73228136  .00017472  00000-0  52857-3 0  9996
2 42837  97.3853  90.1514 0008200  10.6190 349.5224 15.34230100503947
0 HAIYANG 2D
1 48621U 21043A   26269.93895831 -.00000068  00000-0  12130-4 0  9998
2 48621  65.9981  51.3703 0010608 258.3651 101.6227 13.83373509270623
0 GLOBAL-18
1 52196U 22034B   26269.22335138  .00023072  00000-0  41121-3 0  9992
2 52196  52.9797 132.4236 0003292 200.3066 159.7811 15.50018181252616
0 HAIYANG 1C
1 43609U 18068A   26269.96605617 -.00000105  00000-0 -21817-4 0  9991
2 43609  98.5109 340.7492 0011624 146.7813 213.4104 14.34140503421679
0 OBJECT A
1 53346U 22090A   26269.90995546  .00002969  00000-0  13700-3 0  9996
2 53346  97.3039 335.0718 0001792 174.6389 185.4867 15.20988123230270
0 CENTISPACE-1 S5
1 54020U 22126A   26269.87958717  .00000548  00000-0  14213-3 0  9992
2 54020  54.9985 165.9704 0010213 306.4865  53.5188 14.63157545211920
0 HAIYANG 2C
1 46469U 20066A   26269.95682939 -.00000115  00000-0 -30551-4 0  9996
2 46469  65.9995 321.9045 0004789 251.8143 108.2405 13.83375336303570
0 SDGSAT 1
1 49387U 21100A   26269.91937230  .00002147  00000-0  10410-3 0  9997
2 49387  97.2539 312.9486 0007602 276.7032  83.3338 15.19523948271367
0 ODIN
1 26702U 01007A   26215.55524046  .18524984  25409-5  51896-3 0  9990
2 26702  97.3527 260.5021 0013244 271.8135  88.1649 16.44308982396929
0 R2
1 46913U 20081J   26269.00519695  .00008421  00000-0  31597-3 0  9997
2 46913  36.8958 159.5476 0006196  41.0349 319.0865 15.26749872327391
0 GLOBAL-14
1 49469U 21106A   26269.63835131  .00031571  00000-0  45198-3 0  9994
2 49469  42.0042  46.0437 0018232   9.4687 350.6499 15.55357509273902
0 GLOBAL-9
1 47971U 21023G   26269.40585788  .00026737  00000-0  46363-3 0  9996
2 47971  44.9803  39.9887 0005142 271.9755  88.0548 15.50438984310633
0 GLOBAL-16
1 49950U 21120B   26269.42376569  .00031221  00000-0  45502-3 0  9998
2 49950  41.9938 169.5622 0016592 240.4625 119.4566 15.54909388270586
0 OBJECT P
1 54695U 22167P   26269.94513532  .00008914  00000-0  24786-3 0  9996
2 54695  97.6947  84.0101 0007206 111.2127 248.9887 15.37079569211010
0 OBJECT D
1 54254U 22155D   26186.25042549  .04646595  26402-5  79772-3 0  9992
2 54254  97.6143 342.1130 0012127 265.6441  94.3468 16.32834755203202
0 OBJECT J
1 53452U 22098J   26256.58176458  .04156202  25920-5  78205-3 0  9993
2 53452  97.5516  37.5890 0011341 277.2523  82.7483 16.31937210228832
0 OBJECT W
1 51844U 22019W   26122.21654317  .05241160  24727-5  95158-3 0  9995
2 51844  97.3487 219.1886 0012944 269.3704  90.6108 16.32236081232865
0 OBJECT K
1 53453U 22098K   26269.91608964  .03993619  26009-5  77091-3 0  9998
2 53453  97.5716  52.7628 0009554 277.3680  82.6529 16.31739745230893
0 JILIN-01 GAOFEN 3D 5
1 52390U 22046C   26113.45661189  .13701840  27051-5  25569-3 0  9990
2 52390  97.4814 232.7390 0010494 226.4735 133.5697 16.46858889222066
0 JILIN-01 GAOFEN 3D 28
1 52445U 22048C   26231.76789761  .14909016  27188-5  14880-3 0  9996
2 52445  97.5644 353.4732 0013726 259.5161 100.4597 16.50416306239655
0 JILIN-01 GAOFEN 3D 27
1 52444U 22048B   26244.73480940  .08128686  26654-5  38026-3 0  9997
2 52444  97.5749   7.5058 0013337 277.2600  82.7183 16.41785538241642
0 OBJECT H
1 54689U 22167H   26269.93585678  .00008474  00000-0  24235-3 0  9998
2 54689  97.7010  84.5807 0005952 106.3091 253.8807 15.36225676210976
0 OBJECT D
1 54685U 22167D   26269.94851046  .00008880  00000-0  23769-3 0  9992
2 54685  97.6960  85.7178 0003357 109.7363 250.4244 15.38281636211086
0 OBJECT E
1 54686U 22167E   26269.91905396  .00009322  00000-0  27348-3 0  9997
2 54686  97.6938  82.3703 0008329 158.5355 201.6239 15.35373936210922
0 EMISAT
1 44078U 19018A   26269.88936123  .00000015  00000-0  17479-4 0  9995
2 44078  98.4549 328.0723 0017115 271.8552  88.0678 14.43671021394736
0 IRS P6
1 28051U 03046A   26269.95655390  .00000075  00000-0  38697-4 0  9995
2 28051  98.1839 301.4510 0064934  37.6862  77.8882 14.36187631195137
0 RESOURCESAT 2
1 37387U 11015A   26269.86238214  .00000056  00000-0  45762-4 0  9994
2 37387  98.7545 336.5494 0010543 329.0180  31.0374 14.21611315800627
0 ORBCOMM FM 114
1 41179U 15081A   26269.19881845  .00000350  00000-0  11017-3 0  9997
2 41179  47.0039 244.3959 0003250 296.2980  63.7572 14.58950963572508
0 ORBCOMM FM 110
1 41182U 15081D   26269.66405339  .00000371  00000-0  11447-3 0  9993
2 41182  47.0010 241.5814 0002709 203.1622 156.9142 14.58975543572440
0 ORBCOMM FM 117
1 41188U 15081K   26269.67748449  .00000290  00000-0  97461-4 0  9993
2 41188  47.0012  60.9151 0002897 300.1534  59.9065 14.58970230574944
0 ORBCOMM FM 116
1 41189U 15081L   26269.93182988  .00000425  00000-0  12578-3 0  9998
2 41189  47.0013 149.5128 0001149 184.7579 175.3296 14.58972286573792
0 ORBCOMM FM 113
1 41185U 15081G   26269.40854985  .00000271  00000-0  93353-4 0  9999
2 41185  46.9996 151.9900 0002069 309.0650  51.0051 14.58940721573715
0 ORBCOMM FM 112
1 41184U 15081F   26269.36026520  .00000459  00000-0  13314-3 0  9995
2 41184  46.9979 151.7923 0003224 311.9380  48.1230 14.58969713573723
0 ORBCOMM FM 108
1 41187U 15081J   26269.71097703  .00000280  00000-0  95247-4 0  9996
2 41187  47.0048  62.1451 0002520 292.3400  67.7219 14.58987802574903
0 NPP
1 37849U 11061A   26269.91032760  .00000043  00000-0  41234-4 0  9998
2 37849  98.8023 210.1167 0002588  52.9308 307.2104 14.19535283772870
0 DMSP 5D-3 F18 (USA 210)
1 35951U 09057A   26269.89947685  .00000137  00000-0  94287-4 0  9990
2 35951  98.9166 250.5070 0010531 328.0008  32.0525 14.14945608873977
0 YAOGAN 10
1 36834U 10038A   26269.98920998  .00001086  00000-0  13175-3 0  9990
2 36834  97.8944 292.5809 0001636  90.5583 292.1397 14.85603299872320
0 OMNI-M1
1 26857U 01026A   26267.34387208 -.00000008  00000-0  00000-0 0  9994
2 26857  44.8062 222.4123 0014619  70.3553 289.8109  3.92403145209463
0 OCEANSAT 2
1 35931U 09051A   26269.92374240  .00000026  00000-0  43878-4 0  9994
2 35931  98.2437 246.6639 0014701 311.8760  48.1151 13.99665775893560
0 RESOURCESAT 2A
1 41877U 16074A   26269.91404406 -.00000045  00000-0 -27051-6 0  9990
2 41877  98.7454 342.5426 0002979 128.5557 231.5887 14.21614159508755
0 BRO-9
1 56185U 23054H   26175.37906799  .07090794  24942-5  71735-3 0  9998
2 56185  97.2847  94.7664 0010950 218.4094 141.6426 16.37895961180258
0 ION SCV-010
1 56192U 23054Q   26269.65769622  .00004991  00000-0  18191-3 0  9991
2 56192  97.3614 157.9083 0012089 165.3343 194.8250 15.28571084191688
0 HJ-2B
1 46479U 20067B   26269.92082391  .00000738  00000-0  11287-3 0  9994
2 46479  97.8831 346.9487 0000809  92.5685 267.5618 14.76572457323271
0 PAKTES 1A
1 43529U 18056A   26269.91574883  .00002358  00000-0  19673-3 0  9990
2 43529  98.1368  70.8423 0022648 136.9097 223.3902 14.99445952447166
0 GHOST-1
1 56195U 23054T   26124.84149806  .07462440  25461-5  36773-3 0  9994
2 56195  97.2749  46.6504 0008362 213.6171 146.4601 16.42251804172613
0 PRSS 1
1 43530U 18056B   26269.93524998  .00000576  00000-0  78772-4 0  9992
2 43530  97.7728 334.9393 0001685  79.9905 280.1498 14.82111829443505
0 ENMAP
1 52159U 22033C   26269.92437163  .00000307  00000-0  53138-4 0  9996
2 52159  97.9775 350.7094 0001644  86.1956 273.9440 14.74991675241656
0 OBJECT F
1 51951U 22023F   26269.92735792  .00006700  00000-0  26624-3 0  9995
2 51951  63.4526 287.6415 0136561 342.2197  17.4160 15.18031268253152
0 OBJECT A
1 44879U 19093A   26269.98122992  .00002184  00000-0  20048-3 0  9993
2 44879  97.7763 353.0838 0012599  77.2656 282.9972 14.95843405367268
0 HORUS 2
1 55844U 23032A   26269.93296823  .00004309  00000-0  18432-3 0  9990
2 55844  97.3455 343.2411 0001492 101.5545 258.5860 15.23343089196970
0 ZHUHAI-1 03C
1 44537U 19060D   26154.34607664  .04949776  25886-5  76861-3 0  9994
2 44537  97.5217 325.7139 0012294 266.2592  93.7298 16.33825799375068
0 OBJECT B
1 44880U 19093B   26269.95686047  .00001093  00000-0  10173-3 0  9994
2 44880  97.7780 353.6146 0012272  76.2554 284.0032 14.96322079367272
0 CENTISPACE-1 S4
1 53758U 22108B   26269.85138053  .00000432  00000-0  12299-3 0  9994
2 53758  53.5321 351.8699 0007817 237.8208 122.2010 14.62036596216439
0 ASTROCAST-0203
1 48955U 21059CE  26045.83682367  .07575709  26133-5  12470-2 0  9994
2 48955  97.6232 243.2162 0007618 295.7170  64.3338 16.33418585259417
0 ASTROCAST-0201
1 48954U 21059CD  26041.49206587  .00599618  18965-3  66123-3 0  9992
2 48954  97.6299 238.3377 0005790 246.8019 113.2654 16.09655773258701
0 OBJECT G
1 56749U 23072G   26269.90670010  .00034168  00000-0  48444-3 0  9992
2 56749  97.4759 122.1807 0002292   7.2812 352.8475 15.56389275186257
0 OBJECT C
1 56745U 23072C   26269.91366307  .00027929  00000-0  46576-3 0  9991
2 56745  97.5096 123.2203 0004230  15.5121 344.6260 15.51943240185993
0 OBJECT D
1 56746U 23072D   26267.67037322  .09643457  26001-5  68440-3 0  9992
2 56746  97.4440 133.2223 0007808 257.8814 102.1611 16.40798993186623
0 OBJECT B
1 56744U 23072B   26269.88454333  .00019275  00000-0  39512-3 0  9990
2 56744  97.5130 119.3522 0003798 333.7116  26.3940 15.46102433185802
0 OBJECT G
1 56749U 23072G   26269.90670010  .00034168  00000-0  48444-3 0  9992
2 56749  97.4759 122.1807 0002292   7.2812 352.8475 15.56389275186257
0 OBJECT E
1 56747U 23072E   26269.91942455  .00027727  00000-0  45044-3 0  9992
2 56747  97.4917 123.3059 0002309  14.0610 346.0707 15.52683954186142
0 YAOGAN 7
1 36110U 09069A   26269.63537810  .00000372  00000-0  58464-4 0  9996
2 36110  97.9898 154.7919 0025885  72.8426 287.5615 14.78086293904618
0 LKW-3
1 43146U 18006A   26269.93347464  .00012934  00000-0  35949-3 0  9990
2 43146  97.6708  74.6962 0002153 326.7335  33.3773 15.37003762484333
0 ZHUHAI-1 03D
1 44538U 19060E   26269.91971131  .00040320  00000-0  58247-3 0  9995
2 44538  97.5477  64.9305 0005699 286.5041  73.5587 15.55831439391863
0 LT-1 01B
1 51822U 22018A   26269.99630221  .00000388  00000-0  47759-4 0  9993
2 51822  97.8111 275.9744 0001528  86.1910 273.9482 14.88406026248857
0 ASO-S
1 54029U 22129A   26269.96068432  .00000105  00000-0  37021-4 0  9992
2 54029  98.2801 273.6107 0015139 136.4308 223.8086 14.52098935210198
0 CBERS-4
1 40336U 14079A   26269.94085132 -.00000053  00000-0 -36221-5 0  9993
2 40336  98.3430 323.5237 0002016  85.5256 274.6160 14.35515060618551
0 JILIN-01 GAOFEN 2B
1 44836U 19086A   26269.90703623  .00004561  00000-0  20435-3 0  9997
2 44836  97.4796 341.2785 0012768 329.5106  30.5386 15.21686943375958
0 JILIN-01 GAOFEN 2A
1 44777U 19075A   26269.85255100  .00014165  00000-0  33607-3 0  9991
2 44777  97.4923 356.1723 0007016  81.3038 278.9003 15.41806432380531
0 LKW-2
1 43080U 17084A   26269.93248183  .00004843  00000-0  18274-3 0  9992
2 43080  97.1106 305.0049 0001065 165.7513 194.3757 15.27476231487218
0 GAOFEN 3 02
1 49495U 21109A   26269.96523664 -.00000064  00000-0 -62612-5 0  9994
2 49495  98.4124 276.6331 0003785  55.6899 304.4648 14.42210844254981
0 OBJECT B
1 49316U 21091B   26269.98357073  .00003529  00000-0  17156-3 0  9995
2 49316  97.4469  96.0560 0014514  49.8433 310.4070 15.18982943274431
0 SKYMED 2
1 32376U 07059A   26269.96697929  .00000282  00000-0  41997-4 0  9990
2 32376  97.8909  92.1181 0001350  92.3884 267.7484 14.82156663 17086
0 SKYMED 4
1 37216U 10060A   26269.97965399  .00000120  00000-0  21691-4 0  9994
2 37216  97.8905  92.1322 0001410  82.0733 278.0641 14.82149714859648
0 ZY-1 02D
1 44528U 19059A   26269.91849910 -.00000075  00000-0 -10525-4 0  9994
2 44528  98.6630 331.7887 0005383  76.7882 283.3903 14.35283468368932
0 ZY 3
1 38046U 12001A   26081.01541948  .12161018  24301-5  28269-3 0  9999
2 38046  97.1345 157.1435 0011085 256.3350 103.6719 16.45573094790699
0 DAQI 1
1 52257U 22039A   26269.94111192  .00000300  00000-0  75497-4 0  9999
2 52257  98.1536 206.7124 0002798 318.2251  41.8734 14.57726024236764
0 DROID-001
1 56965U 23084AK  26059.12407982  .15531786  27588-5  16146-3 0  9995
2 56965  97.5587 217.3641 0009709 247.4524 112.5754 16.50520813152173
0 GREGOIRE
1 56946U 23084Q   26269.37341572  .00009246  00000-0  23510-3 0  9999
2 56946  97.6376  57.3978 0004944 325.2395  34.8527 15.39842249183276
ORBITER SN3
1 70325C 23084AA  23163.94916919 -.00030105  00000+0 -17221-2 0    05
2 70325  97.5115 280.5512 0011242 209.4974 194.6476 15.12703844    18
0 ION SCV-011
1 56957U 23084AB  26269.81265325  .00004101  00000-0  14562-3 0  9993
2 56957  98.1341 106.5824 0008119  51.1467 309.0495 15.29676318181344
PHOTON-04
1 56959U 23084AD  24052.59633646  .00104154  36959-5  17794-2 0  9998
2 56959  97.5180 171.5922 0433579 190.5235 168.6687 14.87783283 38429
0 GHOST-3
1 56958U 23084AC  26269.42224020  .00022007  00000-0  37720-3 0  9994
2 56958  97.6354  63.7676 0005422 280.2886  79.7754 15.51216420183694
0 BLACKJACK ACES-2
1 56955U 23084Z   26269.37346346  .00006295  00000-0  30502-3 0  9993
2 56955  97.6349  45.5433 0001265  57.4662 302.6694 15.18903476182531
0 BLACKJACK ACES-4
1 56952U 23084W   26030.83958131  .13023617  26890-5  16733-3 0  9999
2 56952  97.5252 190.3044 0012431 258.1516 101.8394 16.48891214147955
0 BLACKJACK ACES-1
1 56956U 23084AA  26269.36351456  .00006435  00000-0  31235-3 0  9991
2 56956  97.6342  45.2916 0001421 111.2613 248.8773 15.18829023132255
0 BLACKJACK ACES-3
1 56950U 23084U   26269.63231289  .00004768  00000-0  23255-3 0  9996
2 56950  97.6357  45.7227 0002388  67.9949 292.1538 15.18802573182568
0 OTTER PUP
1 56933U 23084B   26121.10315365  .08832281  26533-5  37103-3 0  9992
2 56933  97.5520 283.6368 0010821 273.3287  86.6775 16.42636595161864
ORBITER SN3
1 70325C 23084AA  23163.94916919 -.00030105  00000+0 -17221-2 0    05
2 70325  97.5115 280.5512 0011242 209.4974 194.6476 15.12703844    18
0 GEISAT PRECURSOR
1 56934U 23084C   26269.82913771  .00006684  00000-0  19380-3 0  9995
2 56934  97.6363  54.3140 0004922 357.2675   2.8540 15.35886427183125
0 VRSS-2
1 42954U 17060A   26269.92266269  .00000758  00000-0  10497-3 0  9999
2 42954  98.1231 303.8124 0020766 121.7460 238.5779 14.80883506483518
0 ZHUHAI-1 03B
1 44536U 19060C   26269.92815002  .00031307  00000-0  39201-3 0  9992
2 44536  97.5616  73.7054 0006683 303.9961  56.0659 15.59712303392155
0 HINODE (SOLAR B)
1 29479U 06041A   26269.62975749  .00000463  00000-0  87811-4 0  9998
2 29479  98.0546 284.2925 0016671 330.2316  29.7940 14.68730597 69765
0 ZINYUAN-3
1 45939U 20051A   26269.94062525  .00002169  00000-0  10042-3 0  9994
2 45939  97.5283 336.9787 0006311  20.5625 339.5864 15.21192828342815
0 YAOGAN 12
1 37875U 11066B   26269.96487713  .00004387  00000-0  16576-3 0  9994
2 37875  97.1062 303.7578 0008809 214.1242 145.9433 15.27447273827571
0 LKW-4
1 43236U 18025A   26269.45436427  .00063539  00000-0  50034-3 0  9995
2 43236  97.6353  88.9824 0001920 283.3001  76.8047 15.71272823475883
0 SPOT 5
1 27421U 02021A   26269.82749279  .00000240  00000-0  60733-4 0  9993
2 27421  97.9763 304.1443 0128553 320.6491  38.5419 14.54817841277624
0 CHUANG XIN 1-02(CX-1-02
1 33434U 08056B   26269.95234811  .00000045  00000-0  34167-4 0  9998
2 33434  98.6093 295.1830 0013798 196.9742 163.0981 14.30169771933167
0 HAIYANG 2B
1 43655U 18081A   26269.93488505 -.00000215  00000-0 -16662-3 0  9992
2 43655  99.3320 277.1690 0001593  51.3167 308.8127 13.79305692398952
0 SHIJIAN 6 03B (SJ-6 03B
1 33409U 08053B   26269.99633404  .00001293  00000-0  96502-4 0  9999
2 33409  97.8558 291.5778 0020664  59.9194 300.4077 15.04530676978054
0 KOMPSAT 5
1 39227U 13042A   26269.92411360  .00002082  00000-0  15300-3 0  9998
2 39227  97.6209  95.2111 0003926 127.6071 232.5512 15.04504602719151
0 SHIJIAN 6 02B (SJ-6 02B
1 29506U 06046B   26269.91140299  .00001151  00000-0  93530-4 0  9990
2 29506  97.6962 298.2514 0015707  90.2573 270.0452 15.01494050 86003
0 AFR-1
1 56964U 23084AJ  26269.93591023  .00003998  00000-0  14322-3 0  9998
2 56964  97.6422  49.2264 0009861 348.7613  11.3405 15.29325886182773
0 GRUS-1B
1 47934U 21022C   26269.91993135  .00000817  00000-0  72172-4 0  9998
2 47934  97.5201 149.6595 0015667 339.1233  20.9349 14.98904835301137
0 OUTPOST MISSION 1
1 56226U 23084BK  26180.13618669  .14309285  27340-5  11766-3 0  9992
2 56226  97.5783 345.9560 0014201 259.1711 100.7996 16.51722429170951
0 TOMORROW-R2
1 56962U 23084AG  26178.25092823  .08367620  26909-5  30745-3 0  9995
2 56962  97.5928 344.1569 0013162 258.6769 101.3053 16.42951724170684
0 OBJECT X
1 57187U 23091X   26269.86784746  .00007758  00000-0  28555-3 0  9993
2 57187  97.4987 334.2958 0010554  94.8713 265.3732 15.28088120179836
0 OBJECT Z
1 57189U 23091Z   26269.87136931  .00015325  00000-0  39881-3 0  9996
2 57189  97.4999 341.5586 0007747  72.8766 287.3326 15.38967534180317
0 OBJECT AV
1 57217U 23091AV  26269.93540038  .00010535  00000-0  34397-3 0  9997
2 57217  97.4962 335.5423 0011759  96.4038 263.8542 15.31884896179942
0 OBJECT AS
1 57206U 23091AS  26269.87942263  .00416058  69323-4  12011-2 0  9999
2 57206  97.4892 357.6982 0005125 266.1406  93.9283 15.93005280181398
0 OBJECT K
1 57175U 23091K   26269.86445401  .00010682  00000-0  35498-3 0  9996
2 57175  97.4946 334.0921 0010688 112.9516 247.2854 15.31324510179853
0 OBJECT P
1 57179U 23091P   26269.87590997  .00002956  00000-0  15201-3 0  9997
2 57179  97.4983 324.8461 0015904 128.8246 231.4410 15.17138508179202
0 OBJECT N
1 57178U 23091N   26269.84748986  .00011159  00000-0  34685-3 0  9998
2 57178  97.4992 336.8269 0011404  92.3119 267.9429 15.33448691179990
0 OBJECT E
1 57170U 23091E   26269.89771831  .00006714  00000-0  26715-3 0  9996
2 57170  97.5010 331.7727 0010345  96.6397 263.6018 15.25556039179663
0 OBJECT G
1 57172U 23091G   26269.91248896  .00005174  00000-0  23061-3 0  9991
2 57172  97.4942 328.2264 0013866 121.2120 239.0477 15.21781402179470
0 OBJECT C
1 57168U 23091C   26269.84520490  .00007625  00000-0  28104-3 0  9997
2 57168  97.4921 332.6812 0012348 107.2217 253.0375 15.28028924179771
0 OBJECT AL
1 57200U 23091AL  26269.88361623  .00036504  00000-0  61305-3 0  9997
2 57200  97.4971 348.1149 0004340  51.7791 308.3851 15.51691128180741
0 OBJECT AP
1 57203U 23091AP  26269.87633337  .00011306  00000-0  34293-3 0  9992
2 57203  97.4992 338.6127 0008677  82.0474 278.1753 15.34250490180120
0 OBJECT AB
1 57191U 23091AB  26269.88323440  .00003905  00000-0  18443-3 0  9995
2 57191  97.4938 327.0067 0016416 131.4844 228.7803 15.19904061179398
0 OBJECT Q
1 57180U 23091Q   26269.85040808  .00008668  00000-0  30424-3 0  9998
2 57180  97.4980 334.1117 0012579 100.5890 259.6768 15.29589723179828
0 OBJECT R
1 57181U 23091R   26269.89205229  .00002455  00000-0  13474-3 0  9997
2 57181  97.4955 322.4660 0015964 141.2706 218.9674 15.14977017179086
0 A-SEANSAT-PG1
1 57197U 23091AH  26269.85920665  .00017129  00000-0  42787-3 0  9991
2 57197  97.4988 341.7955 0007665  79.6641 280.5469 15.40197516180346
0 OBJECT S
1 57182U 23091S   26269.88896645  .00008705  00000-0  30464-3 0  9997
2 57182  97.4974 334.1277 0012561 100.7056 259.5599 15.29683783179830
0 METEOR M2-3
1 57166U 23091A   26269.97851498 -.00000011  00000-0  14078-4 0  9993
2 57166  98.5976 322.8181 0003129 221.4587 138.6355 14.24053116169004
0 OBJECT H
1 57173U 23091H   26269.90778518  .00009456  00000-0  32228-3 0  9992
2 57173  97.4945 334.0045 0010732 111.9703 248.2679 15.30540332179851
0 OBJECT M
1 57177U 23091M   26269.88845956  .00005566  00000-0  24621-3 0  9990
2 57177  97.4983 328.5496 0014360 118.6753 241.5929 15.22001379179460
0 GLOBAL-17
1 49949U 21120A   26269.12744425  .00037688  00000-0  49468-3 0  9991
2 49949  41.9933 165.4496 0018582 247.8815 112.0059 15.57611326270611
0 OBJECT U
1 57184U 23091U   26269.87035106  .00003800  00000-0  18098-3 0  9995
2 57184  97.4962 327.4886 0012442 115.6858 244.5663 15.19682371179391
0 JILIN-01 KUANFU 01
1 45016U 20003A   26269.87389426  .00002576  00000-0  15715-3 0  9995
2 45016  97.4945 341.8266 0008439 319.8608  40.1998 15.11195187370689
0 GAOFEN DUOMO (GFDM)
1 45856U 20042A   26269.97208495  .00000166  00000-0  30515-4 0  9996
2 45856  97.7644 326.0902 0012391 103.9590 256.2999 14.76871808336039
0 OBJECT D
1 48843U 21050D   26269.94048894  .00003022  00000-0  13207-3 0  9999
2 48843  97.3264 343.6364 0009689 260.1073  99.9070 15.22818020294457
0 COSMOS 2558
1 53323U 22089A   26255.07407622  .09214690  24429-5  34229-3 0  9995
2 53323  97.2053   4.5867 0014198 269.3733  90.5942 16.42755340231631
0 COSMOS 2535
1 44421U 19039A   26269.74501302  .00000693  00000-0  73472-4 0  9999
2 44421  97.5717 294.0053 0007065 226.9392 133.1237 14.92096447391781
0 OBJECT D
1 57169U 23091D   26269.89759575  .00006680  00000-0  26572-3 0  9998
2 57169  97.5005 331.6875 0011364 103.8657 256.3846 15.25556982179665
0 OBJECT E
1 57170U 23091E   26269.89771831  .00006714  00000-0  26715-3 0  9996
2 57170  97.5010 331.7727 0010345  96.6397 263.6018 15.25556039179663
0 OBJECT F
1 57171U 23091F   26269.89731017  .00006715  00000-0  26703-3 0  9997
2 57171  97.5006 331.7175 0012056 112.9084 247.3428 15.25557438179660
0 OBJECT AN
1 57202U 23091AN  26269.88325250  .00003844  00000-0  18198-3 0  9998
2 57202  97.5006 328.1179 0010782 112.1885 248.0495 15.19903779179404
0 OBJECT W
1 57186U 23091W   26269.89899700  .00007184  00000-0  24630-3 0  9995
2 57186  97.5051 337.2072 0019070  93.8292 266.5129 15.30320792180002
0 OBJECT AF
1 57195U 23091AF  26269.88280543  .00004213  00000-0  19150-3 0  9994
2 57195  97.4980 329.0494 0011615 112.8610 247.3853 15.21243460179489
0 GAOFEN 3 03
1 52200U 22035A   26269.93780338 -.00000033  00000-0  32239-5 0  9998
2 52200  98.4097 277.0577 0000891  95.3463 264.7828 14.42218223235513
0 OBJECT AG
1 57196U 23091AG  26269.85739779  .00011838  00000-0  35991-3 0  9994
2 57196  97.4992 338.3837 0008823  85.9355 274.2896 15.34162042180107
0 OBJECT Y
1 57188U 23091Y   26269.91033032  .00007487  00000-0  27443-3 0  9999
2 57188  97.4963 334.0901 0009995  94.2088 266.0294 15.28242296179841
0 OBJECT J
1 57174U 23091J   26269.88855963  .00003097  00000-0  17148-3 0  9999
2 57174  97.4944 321.5142 0013886 150.5285 209.6733 15.14497521179021
0 GLOBAL-19
1 55982U 23041B   26269.26036822  .00012816  00000-0  34382-3 0  9994
2 55982  42.0022 332.3361 0007919 350.6583   9.4108 15.37775677197495
0 OBJECT AQ
1 57204U 23091AQ  26269.87954852  .00018441  00000-0  43521-3 0  9992
2 57204  97.5002 343.2409 0006679  68.9866 291.2094 15.41910043180429
0 OBJECT AU
1 57208U 23091AU  26269.86212792  .00018166  00000-0  42144-3 0  9999
2 57208  97.5001 343.5408 0006627  68.8022 291.3932 15.42429305180441
0 OBJECT AK
1 57199U 23091AK  26269.84674465  .00018167  00000-0  42468-3 0  9995
2 57199  97.4990 343.0316 0006853  73.8337 286.3663 15.42198814180415
0 OBJECT AM
1 57201U 23091AM  26269.90891196  .00017871  00000-0  42627-3 0  9996
2 57201  97.4987 342.7373 0007154  73.7270 286.4763 15.41591893180408
0 OBJECT AE
1 57194U 23091AE  26269.85646672  .00008655  00000-0  32644-3 0  9996
2 57194  97.4959 333.1318 0012497 108.2071 252.0529 15.27223549179782
0 OBJECT AD
1 57193U 23091AD  26269.88915589  .00012683  00000-0  38021-3 0  9995
2 57193  97.4958 336.8814 0011017  98.2370 262.0122 15.34568962180037
0 OBJECT AC
1 57192U 23091AC  26269.89656959  .00008233  00000-0  30732-3 0  9995
2 57192  97.4964 333.4048 0012554 106.9153 253.3463 15.27581169179808
0 OBJECT L
1 57176U 23091L   26269.86759490  .00010429  00000-0  34488-3 0  9990
2 57176  97.4958 334.8243 0012146 102.1965 258.0637 15.31472715179896
0 ASTROCAST-0103
1 47487U 21006CC  26123.02177090  .09787114  23920-5  21229-2 0  9995
2 47487  97.2367 195.6334 0013101 276.8436  83.1368 16.30381751294121
0 COSMOS 2197
1 22034U 92042A   26269.76086787  .00000042  00000-0  17209-3 0  9990
2 22034  82.5977 164.0519 0013725  45.5111   9.0437 12.64254666578120
0 COSMOS 2484
1 39059U 13001C   26269.88992190 -.00000005  00000-0 -10471-3 0  9995
2 39059  82.5059 158.6816 0025753 169.5866 190.5753 12.42942323621196
0 GONETS M 05
1 39249U 13048A   26269.94319028  .00000162  00000-0  10990-2 0  9994
2 39249  82.4770 279.9459 0016414 355.9586   4.1358 12.42895312591529
0 GONETS M 07
1 39251U 13048C   26269.98478563  .00000120  00000-0  79333-3 0  9992
2 39251  82.4841 282.8972 0017240 356.8150   3.2817 12.42918348591489
0 COSMOS 2488
1 39483U 13076A   26269.94536530  .00000110  00000-0  72043-3 0  9995
2 39483  82.4792 105.2920 0018591 233.6957 126.2407 12.42908626578539
0 COSMOS 2489
1 39484U 13076B   26269.92269396  .00000042  00000-0  23245-3 0  9991
2 39484  82.4830 106.7195 0020420 233.6500 126.2696 12.42882843578588
0 COSMOS 2490
1 39485U 13076C   26269.89467399  .00000091  00000-0  58842-3 0  9996
2 39485  82.4775 104.7586 0020612 250.2187 109.6670 12.42881436578515
0 COSMOS 2498
1 39763U 14028C   26269.87719947  .00000070  00000-0  43772-3 0  9993
2 39763  82.4464  45.1844 0021027 210.4229 149.5632 12.42983770560189
0 COSMOS 2497
1 39762U 14028B   26269.90661631 -.00000036  00000-0 -32809-3 0  9995
2 39762  82.4500  46.7224 0020274 210.7180 149.2714 12.42897689560158
0 COSMOS 2496
1 39761U 14028A   26269.93263792 -.00000018  00000-0 -20158-3 0  9997
2 39761  82.4456  44.9778 0019680 215.7438 144.2326 12.42881389560155
0 GONETS M 10 (M20)
1 40063U 14036C   26269.89427042  .00000194  00000-0  13264-2 0  9990
2 40063  82.5062 244.4890 0020561 281.7244  78.1529 12.42948757554882
0 GONETS M 11 (M21)
1 40552U 15020A   26269.91827896  .00000009  00000-0 -85702-5 0  9996
2 40552  82.4900 327.6149 0017203 138.3794 221.8598 12.42881231521376
0 GONETS M 12 (M22)
1 40553U 15020B   26269.89071866 -.00000037  00000-0 -33956-3 0  9996
2 40553  82.4936 328.7826 0016330 123.9324 236.3311 12.42893580521362
0 GONETS M 13 (M23)
1 40554U 15020C   26269.94594660 -.00000036  00000-0 -33553-3 0  9997
2 40554  82.4895 327.3332 0015039 109.6201 250.6503 12.42886995521346
0 COSMOS 2507
1 40920U 15050A   26269.97717179 -.00000099  00000-0 -78544-3 0  9990
2 40920  82.4978  16.2818 0010793 126.6067 233.6007 12.42929024499502
0 COSMOS 2508
1 40921U 15050B   26269.93313425 -.00000057  00000-0 -48202-3 0  9995
2 40921  82.4932  14.7764 0014886 158.9061 201.2635 12.42917770499485
0 COSMOS 2509
1 40922U 15050C   26269.87547927 -.00000021  00000-0 -22533-3 0  9995
2 40922  82.4941  14.9253 0014993 175.8705 184.2501 12.42886817499516
0 COSMOS 2530
1 43751U 18097A   26269.96441223 -.00000006  00000-0 -11391-3 0  9997
2 43751  82.5184 159.1356 0018924 170.7352 189.4081 12.42883181354932
0 COSMOS 2531
1 43752U 18097B   26269.98410412 -.00000029  00000-0 -28410-3 0  9991
2 43752  82.5231 160.2162 0015725 189.9624 170.1147 12.42914625354954
0 COSMOS 2532
1 43753U 18097C   26269.93209572  .00000018  00000-0  60123-4 0  9994
2 43753  82.5174 158.9883 0017085 192.6981 167.3671 12.42911792354911
0 GONETS M 14 (M24)
1 44905U 19096A   26269.87823543  .00000028  00000-0  13085-3 0  9992
2 44905  82.5282  21.5800 0012433 291.4877  68.4877 12.42872798306311
0 GONETS M 15 (M25)
1 44906U 19096B   26269.90685850 -.00000088  00000-0 -70854-3 0  9999
2 44906  82.5301  22.0385 0014459 315.8598  44.1327 12.42883997306289
0 GONETS M 16 (M26)
1 44907U 19096C   26269.93213036 -.00000155  00000-0 -11937-2 0  9997
2 44907  82.5249  20.9289 0010563   0.8377 359.2719 12.42893902306270
0 GONETS M 17
1 46486U 20068A   26269.95830444  .00000089  00000-0  56741-3 0  9999
2 46486  82.4935 284.1929 0022754 170.2789 189.8735 12.42887620271809
0 GONETS M 18
1 46487U 20068B   26270.00278436  .00000120  00000-0  79595-3 0  9993
2 46487  82.4887 283.2445 0020144 166.3683 193.7945 12.42877209271796
0 GONETS M 19
1 46488U 20068C   26269.97671896  .00000076  00000-0  47926-3 0  9998
2 46488  82.4913 283.7301 0013551 179.6907 180.4184 12.42895694271890
0 GONETS M 20
1 47227U 20091A   26269.91463198  .00000070  00000-0  43805-3 0  9990
2 47227  82.5002 239.1878 0020251 322.3545  37.6117 12.42896980263716
0 GONETS M 21
1 47228U 20091B   26269.88909964  .00000048  00000-0  27459-3 0  9995
2 47228  82.4929 237.8487 0014417 338.8096  21.2384 12.42889455263708
0 GONETS M 22
1 47229U 20091C   26269.94217001  .00000057  00000-0  34334-3 0  9997
2 47229  82.4985 238.7614 0021032 317.3766  42.5681 12.42894975263664
0 GONETS-M 23
1 54150U 22139A   26269.93017598  .00000019  00000-0  62644-4 0  9995
2 54150  82.5020 285.0707 0021357   3.2051 356.9162 12.42893698178282
0 GONETS-M 25
1 54152U 22139C   26269.97024161  .00000026  00000-0  11927-3 0  9990
2 54152  82.5001 284.7770 0020708  12.1747 347.9829 12.42893131178292
0 XINGYUN-2 02
1 45603U 20028B   26269.99010010  .00001691  00000-0  10252-3 0  9995
2 45603  97.5112 274.2383 0009065 284.5693  75.4532 15.11877426350210
0 GONETS-M 24
1 54151U 22139B   26269.98371811  .00000029  00000-0  14115-3 0  9992
2 54151  82.4935 284.0268 0016848  14.5953 345.5610 12.42894550178294
0 ZHUHAI-1 03E
1 44539U 19060F   26269.89256387  .00015516  00000-0  34119-3 0  9993
2 44539  97.5734  63.6905 0005654  25.5217 334.6309 15.44073478391445
0 ARCADE
1 57485U 23109E   23357.86294790  .00014481  00000-0  70660-3 0  9999
2 57485   4.9977 247.6344 0009185  53.8335 306.2623 15.14746534 22250
0 SCOOBII
1 57484U 23109D   24006.48621913  .00017746  00000-0  90245-3 0  9997
2 57484   4.9510 145.7547 0005430 219.0242 140.9473 15.13763583 24325
0 VELOX-AM
1 57482U 23109B   24010.80486117  .00011208  00000-0  52712-3 0  9995
2 57482   5.0045 110.9764 0011546 327.6281  32.3119 15.15302227 25000
0 GALASSIA-2
1 57486U 23109F   23350.85418427  .00009606  00000-0  48048-3 0  9995
2 57486   5.0011 301.3018 0001321 115.2367 244.7878 15.12808902 21185
0 ORB-12 STRIDER
1 57483U 23109C   24010.79410533  .00010603  00000-0  49907-3 0  9993
2 57483   5.0027 110.8465 0013742 325.2209  34.7002 15.15065068 25008
0 NINGXIA-1 5
1 44783U 19076E   26269.94722990 -.00000091  00000-0  25099-4 0  9996
2 44783  45.0045  84.4050 0011259 267.9077  92.0467 14.02097308352050
0 YUNHAI 1
1 41857U 16068A   26269.99590436  .00000277  00000-0  11830-3 0  9998
2 41857  98.5865 280.0687 0004217  90.5021 269.6646 14.32520515516403
0 YUNHAI 1-03
1 53877U 22115A   26269.94536749  .00000203  00000-0  91110-4 0  9994
2 53877  98.5612 266.8228 0005589  96.8736 263.3083 14.32550158210083
0 THEA
1 43796U 18099AQ  26269.72231232  .00016981  00000-0  45227-3 0  9991
2 43796  97.4350 340.5868 0005440 280.4303  79.6329 15.38243890428289
0 METEOR 2-1 DEB
1 57492U 75064F   26269.29016564  .00003396  00000-0  13165-2 0  9996
2 57492  81.2738 258.0010 0012914 142.3179 217.8910 14.29770282417437
0 HORUS 1
1 55690U 23025A   26269.96328663  .00004428  00000-0  18832-3 0  9998
2 55690  97.3382 342.3678 0002269 116.5640 243.5830 15.23529769199546
0 OBJECT R
1 57181U 23091R   26269.89205229  .00002455  00000-0  13474-3 0  9997
2 57181  97.4955 322.4660 0015964 141.2706 218.9674 15.14977017179086
Optsat 3000
1 42900U 17044A   26243.85443596 0.00005100  00000-0  22571-3 0    01
2 42900  97.3766 305.7096 0005143 131.7291 228.2707 15.21699209    04
0 LANDSAT 7
1 25682U 99020A   26269.94103368  .00000283  00000-0  62591-4 0  9992
2 25682  97.8644 268.9476 0001714  96.3437 292.2528 14.63988066460731
0 GAOFEN 1
1 39150U 13018A   26269.91739556  .00000424  00000-0  67929-4 0  9998
2 39150  97.9013 339.8656 0015844 301.0240  58.9414 14.76546404723252
0 HIBARI
1 49400U 21102F   26269.65896661  .00010683  00000-0  33106-3 0  9999
2 49400  97.3138 314.4816 0010837 189.3081 170.7963 15.33556178269730
0 PAZ
1 43215U 18020A   26269.93940145  .00001337  00000-0  66865-4 0  9995
2 43215  97.4467 275.8857 0001695  88.7323 271.4106 15.19148297476452
0 IMAGE
1 26113U 00017A   26264.91806119  .00000172  00000-0  00000-0 0  9996
2 26113  94.2875 316.5791 7371255 277.0222  12.1434  1.68668537163133
0 HJ-2A
1 46478U 20067A   26269.95107441  .00000063  00000-0  16120-4 0  9993
2 46478  97.8763 345.8763 0002422 316.8115  43.2905 14.76555077323279
0 SHIJIAN 6 04B (SJ-6 04B
1 37180U 10051B   26269.99331855  .00000126  00000-0  15339-4 0  9998
2 37180  97.8762 276.5037 0011824 343.0578  17.0248 14.99484489870935
0 KOMPSAT 3
1 38338U 12025B   26269.92314541  .00000301  00000-0  68952-4 0  9997
2 38338  98.1296 225.6888 0005989 143.6142 216.5467 14.62278909766214
0 FENGYUN 3F
1 57490U 23111A   26269.93698345  .00000031  00000-0  35144-4 0  9990
2 57490  98.6743 338.0005 0001387 109.8426 250.2901 14.19952456163300
0 H2SAT
1 57213U 23093A   26268.98472287  .00000000  00000-0  00000-0 0  9996
2 57213   0.0203  85.4489 0000245 105.0530 169.4976  1.00270177 11939
0 NPSAT1
1 44340U 19036B   26269.32645301  .00005144  00000-0  70555-3 0  9992
2 44340  23.9991 278.6198 0006804 273.5962  86.3756 14.75364530387442
0 QIANKUN-1
1 57422U 23103B   26267.97639872 -.00024399  18657-5 -37134-4 0  9996
2 57422  96.1157 305.4034 0007085 237.8555 122.2042 16.04050039183312
0 CALIPSO
1 29108U 06016B   26269.89327978  .00000651  00000-0  11871-3 0  9994
2 29108  98.4457 289.0309 0001074  71.8507 288.2814 14.69502410 87998
0 TELEOS 2
1 56310U 23057C   26269.93254596  .00001510  00000-0  70690-4 0  9993
2 56310   9.9874 183.3540 0000504 263.4748  96.5408 14.96378279188062
0 TBA - TO BE ASSIGNED
1 81817U          24182.15771271 +.00376921 +00000+0 +50241-2 0  9994
2 81817  65.6833  85.7194 0094637 257.5768 101.4780 15.51588069  4004
0 LAPAN-TUBSAT
1 29709U 07001A   26269.99891742 -.00000057  00000-0  14977-6 0  9996
2 29709  98.1405 271.5592 0011263 209.1249 150.9339 14.86034206 66272
0 HJ-2F
1 57519U 23116A   26269.95223322  .00005379  00000-0  25156-3 0  9999
2 57519  97.3887 273.3868 0008219 158.7167 201.4412 15.20152610174237
0 ADITYA-L1
1 57754U 23132A   23257.85684028 -.00001335  00000-0  00000-0 0  9992
2 57754  19.2554  17.2188 8437217 354.9359 359.1120  0.99301021    10
0 XRISM
1 57800U 23137A   26269.86360849  .00003771  00000-0  20171-3 0  9997
2 57800  31.0020  60.5965 0007555 271.9092  88.0682 15.13193678168271
0 DMSP 5D-3 F17 (USA 191)
1 29522U 06050A   26269.85209453  .00000096  00000-0  71673-4 0  9995
2 29522  98.7427 274.3648 0011046 122.2836 237.9409 14.15010633 26803
0 BEIDOU 13
1 38251U 12018B   26269.06920662 -.00000012  00000-0  00000-0 0  9991
2 38251  55.5674 300.6730 0014865 273.9593  85.9373  1.86229946 97822
0 BEIDOU 2
1 31115U 07011A   26263.10355439  .00000005  00000-0  00000-0 0  9994
2 31115  50.9044 216.1256 0002591 349.3982  10.5712  1.77349384 77830
0 RADUGA 1M-2
1 36358U 10002A   26269.80154736 -.00000088  00000-0  00000-0 0  9994
2 36358   3.8778  77.5239 0004959 234.4363 173.6093  0.98968765 51031
0 GAOFEN 2
1 40118U 14049A   26269.92930934  .00000419  00000-0  61011-4 0  9993
2 40118  98.0014 333.9875 0005901 262.8293  97.2249 14.81009287654292
0 MERIDIAN 10
1 52145U 22030A   26268.66435138  .00000186  00000-0  00000-0 0  9999
2 52145  62.6818 129.8867 6813046 272.8154  17.4784  2.00592508 33040
0 SJ-7
1 28737U 05024A   26269.65319100  .00007108  00000-0  30625-3 0  9993
2 28737  97.7215 302.5469 0016082  44.3568 315.8953 15.22793027163468
0 DAMPE
1 41173U 15078A   26270.00429484  .00001290  00000-0  45599-4 0  9993
2 41173  97.4597 276.0108 0013735  76.3408 283.9362 15.31001031600127
0 DEIMOS 2
1 40013U 14033D   26269.93038378  .00002161  00000-0  20810-3 0  9999
2 40013  97.5653 140.7707 0001811  60.0180 300.1220 14.93949973652916
0 ZY-1 02E
1 50465U 21131A   26269.92040571 -.00000160  00000-0 -40711-4 0  9997
2 50465  98.4368 344.8079 0001839 123.0405 237.0957 14.35397150249018
0 VRSS-1
1 38782U 12052A   26269.89527817  .00001274  00000-0  17384-3 0  9990
2 38782  97.6283 241.0951 0016120 264.9062  95.0311 14.80175562754651
0 INDEX
1 28810U 05031B   26269.62350758  .00005032  00000-0  29806-3 0  9997
2 28810  98.0273  38.5495 0020239 125.2165 235.0963 15.11735302146313
0 ION SCV-002
1 47504U 21006CV  26269.77955589  .00011138  00000-0  22761-3 0  9994
2 47504  97.1176 269.6821 0012642 103.4570 256.8090 15.46227654315711
0 RUNNER-1 (TYVAK-1005)
1 56953U 23084X   26269.39297253  .00010703  00000-0  27495-3 0  9991
2 56953  97.6377  55.5590 0006692 318.8287  41.2453 15.39472760183160
0 S6 MICHAEL FREILICH
1 46984U 20086A   26269.42805208 -.00000042  00000-0  82896-4 0  9995
2 46984  66.0398 284.7732 0007920 269.0848  90.9259 12.80929778273293
0 ANSER-FLW1
1 58019U 23155D   26269.92193530  .00042927  00000-0  52386-3 0  9997
2 58019  97.5512   5.1209 0001847  80.1932 279.9533 15.60351357164751
0 ANSER-FLW2
1 58018U 23155C   26269.20627490  .00022149  00000-0  28844-3 0  9990
2 58018  97.5495   3.5969 0001662 121.7826 238.3592 15.58763138164636
0 PRETTY
1 58023U 23155H   26269.79745216  .00005886  00000-0  23957-3 0  9996
2 58023  97.5640 352.3733 0002662  63.7091 296.4420 15.24895822163833
0 CSC-1
1 58022U 23155G   26269.69792536  .00002226  00000-0  13595-3 0  9993
2 58022  97.5275 337.6308 0006366 245.9941 114.0623 15.11303840163068
0 YAOGAN 21
1 40143U 14053A   26269.93246382  .00005022  00000-0  18916-3 0  9994
2 40143  97.1386 305.8328 0009745  91.5884 268.6472 15.27477456670485
0 FORMOSAT-5
1 42920U 17049A   26269.91144289  .00000101  00000-0  36521-4 0  9994
2 42920  98.2175 342.9187 0012481 127.1003 233.1334 14.50910687481424
0 CSC-2
1 58021U 23155F   26269.79989396  .00007926  00000-0  33613-3 0  9990
2 58021  97.5357 346.8021 0003663 227.4957 132.5971 15.23389975163642
0 PVCC
1 58025U 23155K   26269.94865685  .00005360  00000-0  27487-3 0  9997
2 58025  97.5632 346.2409 0005302 129.2661 230.9043 15.16965975163408
0 MACSAT
1 58024U 23155J   26269.73280410  .00003602  00000-0  16442-3 0  9996
2 58024  97.5730 352.2801 0003813  81.8328 278.3340 15.21261633163768
0 NESS
1 58020U 23155E   26269.79209337  .00016908  00000-0  53082-3 0  9991
2 58020  97.5882 358.0042 0005464 187.0896 173.0269 15.33080379164048
0 T2V
1 58016U 23155A   26269.95075594  .00000535  00000-0  74521-4 0  9991
2 58016  97.9109 339.4168 0001410  86.3379 273.7995 14.81734917160490
0 FORMOSAT-7R/TRITON
1 58017U 23155B   26269.76066479  .00001159  00000-0  12186-3 0  9994
2 58017  97.8297 350.4246 0002572  98.6838 261.4671 14.91359014161368
0 MACSAT
1 58024U 23155J   26269.73280410  .00003602  00000-0  16442-3 0  9996
2 58024  97.5730 352.2801 0003813  81.8328 278.3340 15.21261633163768
0 APRIZESAT 10
1 40019U 14033K   26269.34804129  .00000323  00000-0  58777-4 0  9997
2 40019  97.9782  34.1256 0077613 311.4632  47.9926 14.70972845657128
0 OPS 5644
1 10033U 77044A   26269.78185336  .00000183  00000-0  86771-4 0  9990
2 10033  99.1067 323.1717 0036771 294.3759  65.3587 14.31503926382694
0 NOAA 21
1 54234U 22150A   26269.88470016  .00000030  00000-0  35137-4 0  9993
2 54234  98.7116 206.9820 0000654 268.3589  91.7512 14.19550857200973
0 USA 17
1 16625U 86014F   26269.80078810  .00002879  00000-0  29220-3 0  9990
2 16625  63.3027 181.8834 0777801 117.5536 250.6711 13.75211956356796
0 USA 17
1 16625U 86014F   26269.80078810  .00002879  00000-0  29220-3 0  9990
2 16625  63.3027 181.8834 0777801 117.5536 250.6711 13.75211956356796
0 ICESAT-2
1 43613U 18070A   26269.90948681  .00003862  00000-0  14015-3 0  9996
2 43613  92.0009 318.4453 0006004  87.1592 273.0344 15.28274901447994
0 SHIJIAN 6 02A (SJ-6 02A
1 29505U 06046A   26269.90573338  .00004766  00000-0  23843-3 0  9996
2 29505  97.6272 311.7558 0004209 129.2325 230.9283 15.17906539 87698
0 POLAR
1 23802U 96013A   26268.93925484  .00000117  00000-0  00000-0 0  9991
2 23802  80.0113 225.8418 6566234 205.5949  97.1375  1.29845792146163
0 ION SCV-013
1 58300U 23174AW  26269.93439869  .00001054  00000-0  70498-4 0  9991
2 58300  97.6043 323.6318 0097010 209.2346 150.3432 15.05459041156842
0 OBJECT CG
1 58334U 23174CG  26269.92640117  .00049900  00000-0  48949-3 0  9994
2 58334  97.3945   7.3362 0004222 105.4491 254.7236 15.65924497161703
0 SPACEVAN-001
1 58295U 23174AR  26269.91772910  .00036460  00000-0  42987-3 0  9999
2 58295  97.4015  11.1300 0007349  59.5153 300.6830 15.61255319161998
WEDGIERIDE HELLOTEST
1 70324C 23174Z   23315.82508771 -.00009936  00000+0 -55258-3 0    04
2 70324  97.5034  28.7670 0013671 274.8263  81.0817 15.13680427    19
0 PROTOMETHEE
1 58321U 23174BT  26269.97370733  .00006306  00000-0  20238-3 0  9993
2 58321  97.3705 347.9344 0008333 152.9494 207.2184 15.32640701160557
MAVERICK NLAS OMNILER1
1 70331C 23174AG  23315.82598586 -.00017487  00000+0 -98021-3 0    00
2 70331  97.4791  28.7692 0009527 284.7252  76.1239 15.13442431    17
0 UMBRA-07
1 58297U 23174AT  26269.89549189  .00008059  00000-0  49027-3 0  9993
2 58297  97.3694 321.8665 0004473  92.4262 267.7480 15.10675973158760
WEDGIERIDE HELLOTEST
1 70324C 23174Z   23315.82508771 -.00009936  00000+0 -55258-3 0    04
2 70324  97.5034  28.7670 0013671 274.8263  81.0817 15.13680427    19
EQUALIZER03 HERONMK2
1 70375C 23174CC  23315.83661433 -.00026412  00000+0 -14574-2 0    09
2 70375  97.4819  28.7762 0009329 264.3585 154.3842 15.14010932    14
0 BRO-11
1 58264U 23174J   26269.96483188  .00003753  00000-0  13949-3 0  9991
2 58264  97.3835 345.8841 0009626 198.6999 161.3888 15.28120402160297
0 BRO-10
1 58331U 23174CD  26115.38949140  .08188723  24853-5  11659-2 0  9998
2 58331  97.3464 212.6257 0014863 262.6139  97.3468 16.34539426138137
0 GENMAT-1
1 58276U 23174W   26269.78396784  .00009263  00000-0  26425-3 0  9994
2 58276  97.3614 347.5633 0006476 167.3912 192.7495 15.36251040160565
0 IMPULSE-1 MIRA
1 58301U 23174AX  26269.90543368  .00012819  00000-0  32183-3 0  9998
2 58301  97.5156 357.5934 0070412 117.9777 242.8617 15.37551812160512
0 ICEYE-X31
1 58288U 23174AJ  26269.97166363  .00016056  00000-0  44098-3 0  9990
2 58288  97.3705 345.8566 0001312 344.8403  15.2802 15.37314163160373
SUPERDOVE 003 A13
1 70346C 23174AX  23315.82819651 -.00021381  00000+0 -11934-2 0    00
2 70346  97.4860  28.7718 0010077 280.2303  92.6472 15.13591049    11
0 SKYKRAFT-1
1 55041U 23001AJ  26269.94499199  .00087078  00000-0  48299-3 0  9995
2 55041  97.3081 352.2014 0001615  68.1406 292.0033 15.79293352209040
NOSS 3-5 (A)
1 37386U 11014A   26227.85727366 0.00000100  00000-0  12288-3 0    05
2 37386  63.4219 129.0480 0361632 356.7576   3.2424 13.41004111    09
NOSS 3-3 (A)
1 28537U 05004A   26264.80677625 0.00000000  00000-0  00000-0 0    08
2 28537  63.3938 177.7883 0565010   5.3851 354.6149 13.41284853    00
0 SKYKRAFT-1C
1 55061U 23001BE  26269.89170766  .00002558  00000-0  10363-3 0  9998
2 55061  97.3081 321.2653 0011407 140.6163 219.5907 15.25502544206984
0 SKYKRAFT-1A
1 55054U 23001AX  26269.72666059  .00004719  00000-0  16419-3 0  9996
2 55054  97.3106 325.5263 0010717 125.5393 234.6848 15.30130764207247
0 TIANQI 24
1 57795U 23135D   26269.91101672 -.00000149  00000-0  43631-5 0  9996
2 57795  49.9725  84.7529 0013338 255.2993 104.6441 14.23183411159114
0 GOES 18
1 51850U 22021A   26269.66522010  .00000100  00000-0  00000-0 0  9994
2 51850   0.0436 342.8617 0000548 262.5375 222.5729  1.00273012  7611
0 OBJECT T
1 57183U 23091T   26269.88810601  .00003719  00000-0  17685-3 0  9996
2 57183  97.4978 327.8841 0012486 113.6493 246.6054 15.19750041179413
0 GAOFEN-5 02
1 49122U 21079A   26269.91930933 -.00000002  00000-0  95849-5 0  9992
2 49122  98.2534 343.4440 0001895  63.2076 296.9317 14.57683244268906
0 SHIJIAN 6 01A (SJ-6 01A
1 28413U 04035A   26269.90003785  .00006325  00000-0  30346-3 0  9992
2 28413  97.5806 297.3370 0007250 132.7557 227.4288 15.19217709202908
0 HAIYANG 3A
1 58349U 23176A   26269.95950903  .00000059  00000-0  36505-4 0  9990
2 58349  98.5392 346.7287 0010703  84.4993 275.7412 14.34144875149904
PICO-1A-1
1 99024U          23325.95555556  .00000000  00000-0  71105-4 0    05
2 99024  97.4837  38.7502 0015373 231.5222 237.3442 15.14398988    06
PICO-1A-2
1 99023U          23325.95555556  .00000000  00000-0  71105-4 0    04
2 99023  97.4837  38.7502 0015373 231.5222 237.3442 15.14398988    05
PICO-1A-3
1 99022U          23325.95555556  .00000000  00000-0  71105-4 0    03
2 99022  97.4837  38.7502 0015373 231.5222 237.3442 15.14398988    04
PICO-1A-4
1 99021U          23325.95555556  .00000000  00000-0  71105-4 0    02
2 99021  97.4837  38.7502 0015373 231.5222 237.3442 15.14398988    03
PICO-1A-5
1 99020U          23325.95555556  .00000000  00000-0  71105-4 0    01
2 99020  97.4837  38.7502 0015373 231.5222 237.3442 15.14398988    02
PICO-1A-6
1 99019U          23325.95555556  .00000000  00000-0  71105-4 0    09
2 99019  97.4837  38.7502 0015373 231.5222 237.3442 15.14398988    00
PICO-1A-7
1 99018U          23325.95555556  .00000000  00000-0  71105-4 0    08
2 99018  97.4837  38.7502 0015373 231.5222 237.3442 15.14398988    09
PICO-1A-9
1 99016U          23325.95555556  .00000000  00000-0  71105-4 0    06
2 99016  97.4837  38.7502 0015373 231.5222 237.3442 15.14398988    07
0 MALLIGYONG-1
1 58400U 23179A   26269.94871551  .00002539  00000-0  11037-3 0  9998
2 58400  97.2838 148.5623 0009429  40.0445 320.1485 15.23127526158243
0 TIANQI 23
1 57794U 23135C   26269.89975622 -.00000064  00000-0  41733-4 0  9992
2 57794  49.9717  84.6172 0013106 255.0798 104.8664 14.23084879159118
0 TIANQI 22
1 57793U 23135B   26269.85394566 -.00000132  00000-0  12030-4 0  9993
2 57793  49.9680  84.6356 0011874 256.3168 103.6422 14.23166182159101
0 TIANQI 21
1 57792U 23135A   26269.87774631  .00000169  00000-0  14417-3 0  9998
2 57792  49.9715  84.4307 0012902 250.7482 109.2034 14.23165516159115
0 SKYMED 1
1 31598U 07023A   26269.98088683  .00001257  00000-0  11304-3 0  9990
2 31598  97.8821 102.7235 0001313  73.2618 286.8747 14.97486200 45022
0 SPIRIT
1 58468U 23185G   26213.60561876  .06744580  24838-5  47046-3 0  9991
2 58468  97.3119 302.7880 0014157 311.8558  48.1532 16.39916138149835
0 KORSAT 7
1 58463U 23185B   26269.91685086  .00001371  00000-0  11193-3 0  9993
2 58463  97.6365 332.4842 0027234 344.1492  15.8876 15.00792092154544
0 UHETSAT
1 58466U 23185E   26269.96618118  .00005180  00000-0  16813-3 0  9999
2 58466  97.3378 336.5356 0011138 313.1935  46.8375 15.32339060156870
0 ION SCV-015
1 58469U 23185H   26269.92058780  .00006056  00000-0  18541-3 0  9994
2 58469  97.5748   1.1965 0010490  98.2301 262.0131 15.34160799156678
0 LEMUR 2 SPECIAL K
1 48273U 21034F   26233.89258219  .16022440  26738-5  31613-3 0  9991
2 48273  97.5422 327.2581 0014020 269.6226  90.3470 16.46126917292079
0 VENUS
1 42901U 17044B   26269.92958359  .00005510  00000-0  29315-3 0  9991
2 42901  97.2643 302.1405 0003859  36.7170 323.4326 15.15632526496360
0 OBJECT AW
1 58300U 23174AW  23342.71698568  .00002993  00000-0  15398-3 0  9999
2 58300  97.4826  55.2084 0009673 285.9785  74.0383 15.17179853  4687
0 LKW-1
1 43034U 17077A   26269.97918573  .00005736  00000-0  23379-3 0  9998
2 43034  97.0920 298.8408 0002261 107.4114 252.7372 15.24817318490204
0 ONEWEB-0639
1 55803U 23029H   26269.85387074  .00000079  00000-0  16456-3 0  9995
2 55803  87.9095 284.7137 0001669  52.8948 307.2337 13.19725882172316
0 BANE
1 58465U 23185D   26165.11067950  .14997138  25321-5  30011-3 0  9994
2 58465  97.3104 254.5514 0013007 263.1406  96.8417 16.46170839142369
0 FALCONSAT-10
1 58291U 23174AM  26269.79395429  .00004210  00000-0  15455-3 0  9995
2 58291  97.3726 344.8272 0008281 176.9113 183.2180 15.28462872160283
0 QUAKESAT
1 27845U 03031F   26269.48144421  .00000281  00000-0  13867-3 0  9995
2 27845  98.6661 276.9993 0007419 269.1557  90.8772 14.25014281206037
0 PRISMA
1 44072U 19015A   26269.97821484  .00000940  00000-0  12021-3 0  9993
2 44072  97.8721 343.2838 0001477  87.0905 273.0478 14.83676962407141
0 BANE
1 58465U 23185D   26165.11067950  .14997138  25321-5  30011-3 0  9994
2 58465  97.3104 254.5514 0013007 263.1406  96.8417 16.46170839142369
0 RISAT-2BR2
1 46905U 20081A   26269.64569318  .00003133  00000-0  24647-3 0  9998
2 46905  36.9006 342.1269 0015856 257.6513 102.2453 15.00952309322728
0 LEMUR 2 JK0903EM1407
1 58336U 23174CJ  26269.74424733  .00029515  00000-0  41351-3 0  9990
2 58336  97.3905   3.4343 0004725 105.7333 254.4444 15.56730335161505
0 HOTSAT-1
1 56954U 23084Y   26269.91027708  .00003592  00000-0  15302-3 0  9998
2 56954  97.6371  45.9209 0000959  40.1844 319.9463 15.23643269182587
0 AAC-AIS-SAT2
1 56996U 23084BY  26269.92556698  .00002521  00000-0  28720-3 0  9999
2 56996  98.1632  52.3115 0057418 126.4318 234.2209 14.85943293168480
0 MISRSAT-2
1 58497U 23187B   26269.91734735  .00000905  00000-0  11666-3 0  9995
2 58497  97.9216 351.0377 0011246 168.2376 191.9102 14.83436505152125
0 ZHEDA PIXING 1C
1 37167U 10047C   26269.89090633  .00001528  00000-0  15927-3 0  9992
2 37167  97.9885 252.6848 0017971 315.7374  44.2405 14.91226737865585
0 AURA
1 28376U 04026A   26269.86693875  .00000594  00000-0  12960-3 0  9994
2 28376  98.3537 227.2255 0001299  67.1484 292.9854 14.61453673181064
0 AQUA
1 27424U 02022A   26269.88532583  .00000574  00000-0  12373-3 0  9997
2 27424  98.4412 241.2664 0001312  63.0270  23.0290 14.62214742298131
0 LEMUR 2 PETERG
1 42841U 17042S   26269.73484127  .00026506  00000-0  71119-3 0  9995
2 42841  97.3995  95.2591 0003278 352.4664   7.6531 15.37931886504028
0 CORVUS BC4
1 43767U 18099K   26269.65102295  .00004060  00000-0  23231-3 0  9993
2 43767  97.3973 309.6552 0008536  21.9436 338.2160 15.13168234427745
0 MOMENTUS-X1
1 44408U 19038Y   26269.68676327  .00075314  00000-0  46750-3 0  9996
2 44408  97.6604 325.0377 0004325   0.6688 359.4582 15.76784916402492
0 DMSP 5D-3 F16 (USA 172)
1 28054U 03048A   26269.89556806  .00000041  00000-0  44925-4 0  9999
2 28054  98.9852 294.3788 0006462 211.6456 271.0669 14.14492337183861
0 NANOFF B
1 58755U 23185S   26269.93479422  .00003025  00000-0  17567-3 0  9993
2 58755  97.5165 335.9575 0011058 320.1524  39.8894 15.12837446149257
0 FENGYUN 2H
1 43491U 18050A   26269.70812028 -.00000123  00000-0  00000-0 0  9995
2 43491   3.2842  77.7912 0002747 148.6094 113.3711  1.00271410 30452
0 EROS B
1 29079U 06014A   26036.62405139  .40100622  32075-5  68134-2 0  9996
2 29079  97.3469 162.1703 0054655 337.2927  22.5949 16.28449932 99495
0 NANOFF A
1 58810U 23185T   26269.93476391  .00002527  00000-0  14741-3 0  9994
2 58810  97.5164 335.9293 0008913 325.0740  34.9905 15.12833054148423
0 GRUS-1A
1 43890U 18111Q   26269.91311168  .00001914  00000-0  16290-3 0  9997
2 43890  97.4366 132.4412 0007999 156.3361 203.8232 14.98893572422944
0 ZY 1
1 38038U 11079A   26269.99380372  .00000107  00000-0  49137-4 0  9992
2 38038  98.3980 335.1257 0006594  14.1918  44.4807 14.38278941773848
0 GPM
1 39574U 14009C   26269.90507574  .00008669  00000-0  18678-3 0  9996
2 39574  64.9717 327.2761 0010876 265.9035  94.0863 15.45143189713523
0 NINGXIA-1 2
1 44780U 19076B   26269.92165659  .00000043  00000-0  11209-3 0  9997
2 44780  45.0075  85.5775 0006817 272.2995  87.7059 14.02129219352132
0 GNOMES-3
1 52158U 22033B   26269.76513731  .00001319  00000-0  15934-3 0  9998
2 52158  97.8155 344.2353 0010538 358.2542   1.8635 14.85380167242417
0 ZHEDA PIXING 1B
1 37166U 10047B   26269.94791392  .00001529  00000-0  15822-3 0  9992
2 37166  97.9596 248.9830 0018180 308.0869  51.8709 14.91496895865584
0 ASTROCAST-0101
1 47430U 21006T   26179.81698145  .05040908  23401-5  19512-2 0  9995
2 47430  97.2027 249.7266 0015329 265.1088  94.8453 16.23711460301821
0 THEOS
1 33396U 08049A   26269.91801005  .00000138  00000-0  84618-4 0  9997
2 33396  98.5470 323.8429 0001269  85.7253 274.4069 14.20143920932404
0 SHIYAN 3 (SY-3)
1 33433U 08056A   26269.80745215  .00000101  00000-0  55104-4 0  9993
2 33433  98.6019 295.3357 0013421 190.7650 169.3247 14.30829125933332
0 NINGXIA-1 3
1 44781U 19076C   26269.90734332 -.00000035  00000-0  61365-4 0  9997
2 44781  45.0002  83.7828 0010400 265.1181  94.8465 14.02014300352137
0 ZHANGHENG 1
1 43194U 18015C   26269.92542604  .00005834  00000-0  26788-3 0  9997
2 43194  97.6961  77.6683 0012982 284.2229  75.7564 15.20737500480106
0 WEIHAI 1-02
1 58925U 24024J   26249.49700662  .15608979  25340-5  14634-3 0  9993
2 58925  97.2766 347.0596 0012612 267.5716  92.4146 16.50953658182632
0 WILDFIRE 5
1 57769U 23133N   26269.74446093  .00000066  00000-0  48014-4 0  9991
2 57769  80.9993 270.3151 0007150  92.6660 267.5316 13.85886611155092
0 RISING 2
1 39769U 14029D   26269.94342652  .00004950  00000-0  40902-3 0  9996
2 39769  97.6454 336.5615 0002554  19.7439 340.3883 14.99394659668793
0 YAOGAN 3
1 32289U 07055A   26269.93747154  .00001035  00000-0  11012-3 0  9993
2 32289  97.8099 298.8022 0001790  85.3311 274.8111 14.91089942 21034
0 TIRSAT
1 58989U 24032C   26269.96446057  .00000842  00000-0  13990-3 0  9995
2 58989  97.9861 326.6415 0005113 166.9108 193.2233 14.72649942140061
0 WILDFIRE 3
1 57758U 23133C   26269.71878783  .00000079  00000-0  58839-4 0  9991
2 57758  80.9927 268.3208 0009720  81.6517 278.5742 13.86292615155160
0 METEOR M2-4
1 59051U 24039A   26269.96793816 -.00000005  00000-0  17707-4 0  9994
2 59051  98.7140 228.0417 0006078 230.6185 129.4455 14.22438431133730
0 OBJECT Q
1 59065U 24039Q   26269.95156773  .00009875  00000-0  19274-3 0  9996
2 59065  97.4932 254.2912 0011052 102.6853 257.5633 15.47642342144378
0 EXO-0
1 59175U 23174DK  26269.79786638  .00008416  00000-0  24025-3 0  9998
2 59175  97.3761 350.1060 0009373 157.7520 202.4133 15.36240246160630
0 OBJECT U
1 59071U 24039U   26269.92772562  .00003022  00000-0  23319-3 0  9993
2 59071  95.3804 305.2197 0141289 331.7592  27.6023 14.94352489139939
0 OBJECT T
1 59068U 24039T   26269.95260825  .00002654  00000-0  20523-3 0  9990
2 59068  95.3799 305.1838 0141494 331.7880  27.5730 14.94314565139934
0 OBJECT S
1 59067U 24039S   26269.94462078  .00002405  00000-0  18796-3 0  9995
2 59067  95.3799 304.8585 0142481 333.4624  25.9354 14.93877686139908
0 OBJECT R
1 59066U 24039R   26269.92879394  .00002896  00000-0  22465-3 0  9997
2 59066  95.3800 304.9717 0142065 332.8564  26.5282 14.94099651139919
0 TAIJING-1 03
1 58821U 24016B   26242.52870013  .11186211  25770-5  40457-3 0  9999
2 58821  97.4195 346.4111 0014578 271.9897  87.9734 16.42832281145970
0 BNU-1
1 44529U 19059B   26269.90860337  .00000272  00000-0  84978-4 0  9990
2 44529  98.6196  40.9584 0014340  67.9208 292.3506 14.48451351371711
0 SAOCOM 1-A
1 43641U 18076A   26269.94198793  .00000744  00000-0  10003-3 0  9997
2 43641  97.8884  95.2305 0001444  87.7708 272.3671 14.82152819431173
0 HODOYOSHI 3
1 40015U 14033F   26269.89811658  .00000800  00000-0  97718-4 0  9996
2 40015  97.6543  68.9357 0033214  21.9480 338.3149 14.85575949662722
0 METHANESAT
1 59101U 24043D   26269.37073624  .00001908  00000-0  16461-3 0  9995
2 59101  97.8579  41.0213 0010441  38.2532 321.9429 14.98475312139802
0 RROCI-2
1 59106U 24043J   26269.37430917  .00002004  00000-0  16452-3 0  9990
2 59106  97.8550  43.0386 0016731  55.4211 304.8588 15.00281072139934
0 BRO-12
1 59108U 24043L   26269.89255947  .00000679  00000-0  64144-4 0  9995
2 59108  97.8613  41.5094 0008546  21.7245 338.4337 14.97026853139858
0 BRO-13
1 59107U 24043K   26269.91295191  .00001382  00000-0  12596-3 0  9997
2 59107  97.8631  41.3451 0009350  29.0205 331.1535 14.96787332139836
0 LIZZIESAT
1 59132U 24043AL  26269.35488626  .00003921  00000-0  14585-3 0  9991
2 59132  97.5783  46.7063 0009180 245.4338 114.5945 15.28098810142383
JACKAL-01 
1 98922C 24043AJ  24064.97064002 -.00029666  00000+0 -15235-2 0    08
2 98922  97.4583 190.2675 0011705 291.9497 116.7363 15.16533473    19
OPTIMUS-2 
1 98924C 24043AG  24064.96912382 -.00022852  00000+0 -11726-2 0    03
2 98924  97.4607 190.2683 0012310 292.6704 107.7367 15.16553289    10
JACKAL-02 
1 98923C 24043AH  24064.96982752 -.00028660  00000+0 -14603-2 0    00
2 98923  97.4581 190.2667 0012208 286.9284 117.3245 15.16802525    19
0 APEX ARIES 1
1 59129U 24043AH  26269.87176303  .00022833  00000-0  27914-3 0  9993
2 59129  97.5590  66.2400 0004978 177.5204 182.6078 15.60417124143758
0 YAM-6
1 59126U 24043AE  26269.87909001  .00008241  00000-0  21807-3 0  9991
2 59126  97.5708  54.0571 0007087 217.2810 142.7943 15.38638435142942
PYXIS 
1 98928C 24043Z   24064.96362498 -.00019857  00000+0 -10212-2 0    04
2 98928  97.4616 190.2622 0012654 293.5426  76.8606 15.16470561    12
ROSE 
1 98927C 24043AB  24064.96436803 -.00012115  00000+0 -62395-3 0    05
2 98927  97.4583 190.2622 0012061 295.1627  79.3014 15.16422602    11
0 SENTRY
1 59140U 24043AU  26083.41189137  .04762685  25479-5  11746-2 0  9996
2 59140  97.5148 239.7250 0008888 280.4836  79.5456 16.29150633115421
0 CONTECSAT-1
1 59117U 24043V   26269.91191907  .00005043  00000-0  14603-3 0  9997
2 59117  97.5795  53.9468 0005366 190.6278 169.4853 15.36055941142872
0 SONATE-2
1 59112U 24043Q   26269.89089169  .00050263  00000-0  47042-3 0  9992
2 59112  97.5626  67.2288 0005294 182.8689 177.2541 15.67091201143771
0 PE2_FLT1 (TYVAK-0261)
1 59105U 24043H   26269.62518497  .00001845  00000-0  16298-3 0  9997
2 59105  97.8509  40.6450 0006684  64.8924 295.2991 14.97598056139831
0 PE2_FLT2 (TYVAK-0262)
1 59104U 24043G   26269.35692554  .00001705  00000-0  15096-3 0  9993
2 59104  97.8522  40.4290 0006791  69.2207 290.9742 14.97608582139794
0 MUSAT2
1 59099U 24043B   26269.70118655  .00005635  00000-0  35401-3 0  9998
2 59099  97.8742  50.8944 0006804 359.5620   0.5601 15.09665431140400
VEERY-0E
1 98913C 24043E   24064.95738192  .00070905  00000+0  35639-2 0    04
2 98913  97.4682 190.2519 0011942 275.7224  60.6004 15.17249766    16
0 OBJECT E
1 56747U 23072E   26269.91942455  .00027727  00000-0  45044-3 0  9992
2 56747  97.4917 123.3059 0002309  14.0610 346.0707 15.52683954186142
0 OBJECT W
1 56866U 23081W   26269.87921674  .00005270  00000-0  20771-3 0  9998
2 56866  97.2794 330.7610 0010747  21.2948 338.8736 15.25952526183536
0 OBSERVER-1A
1 58323U 23174BV  26269.94022420  .00010908  00000-0  26976-3 0  9997
2 58323  97.3898 354.6841 0008639 142.2034 217.9821 15.40601293160862
0 GHOST-4
1 59133U 24043AM  26269.37017091  .00016843  00000-0  34824-3 0  9993
2 59133  97.5736  58.4660 0006941 204.0835 156.0090 15.45864636143154
0 COSMOS 2501 (GLONASS)
1 40315U 14075A   26268.72220671  .00000018  00000-0  00000-0 0  9990
2 40315  63.6164 186.8942 0021836 209.1322 150.7705  2.13101491 91993
0 NAVSTAR 56 (USA 180)
1 28474U 04045A   26269.61858471 -.00000042  00000-0  00000-0 0  9990
2 28474  55.0700 320.8042 0172664 318.9455 115.4156  2.00560287160464
0 NAVSTAR 59 (USA 192)
1 29601U 06052A   26269.13248624  .00000011  00000-0  00000-0 0  9998
2 29601  54.9211 210.0082 0085832  91.1618 269.8040  2.00563615145431
0 LES 5
1 02866U 67066E   26269.84518089 -.00000080  00000-0  00000-0 0  9994
2 02866   2.8542  93.4110 0052309 214.9848 117.8450  1.09425701132144
0 QAEM 100 R/B
1 58818U 24015B   26269.88814381  .00000065  00000-0  50035-4 0  9996
2 58818  64.5015 137.2890 0033775 243.6062 116.1556 14.44334167141593
USA 184
1 29249U 06027A   25061.43605570 0.00000030  00000-0  00000-0 0    01
2 29249  63.5688 295.0503 7092995 274.1647  14.7875  2.00618127    09
0 ICEYE-X38
1 59100U 24043C   26269.94886734  .00004173  00000-0  23621-3 0  9994
2 59100  97.8543  56.6427 0003859  95.0123 265.1548 15.13622379127064
0 ICEYE-X37
1 59102U 24043E   26269.74121756  .00003848  00000-0  26246-3 0  9994
2 59102  97.8451  48.4697 0015521  29.3938 330.8159 15.06756115140370
0 CAS500-1
1 47932U 21022A   26269.95955759  .00004675  00000-0  21907-3 0  9995
2 47932  97.3750 163.0642 0003669 304.4441  55.6447 15.20176805306223
0 ICEYE-X30
1 56947U 23084R   26143.38323289  .14366460  26620-5  36953-3 0  9992
2 56947  97.5435 302.7258 0012790 274.1156  85.8683 16.44816394165060
0 HORACIO
1 59098U 24043A   26269.90442034  .00001788  00000-0  15303-3 0  9994
2 59098  97.8641  42.4424 0010603  46.2916 313.9183 14.98868379139909
0 LEMUR 2 CAEL
1 58903U 24022E   26269.86915453  .00015111  00000-0  33334-3 0  9999
2 58903  97.3949 122.3648 0008761  88.2095 272.0156 15.43955825148012
0 GHOST-5
1 59130U 24043AJ  26269.39638994  .00016481  00000-0  34665-3 0  9994
2 59130  97.5726  57.9287 0006617 204.6345 155.4588 15.45366725143130
0 TABLETSAT AURORA
1 40017U 14033H   26269.92382738  .00005004  00000-0  24434-3 0  9999
2 40017  98.0180 350.1420 0010279 220.9123 139.1339 15.18738803670649
0 SJ-9B
1 38861U 12056B   26269.75169922  .00001554  00000-0  15995-3 0  9993
2 38861  97.6105 250.2406 0013758 233.6547 126.3403 14.91630226754862
0 CENTAURI-6
1 59451U 24066K   26269.81073336  .00003738  00000-0  26493-3 0  9996
2 59451  45.6055  83.4145 0002217 253.3348 106.7293 15.06582293135442
0 AAC-AIS-SAT3
1 58997U 23174DJ  26269.95005828  .00002600  00000-0  30899-3 0  9997
2 58997  97.6148 314.2022 0006060 359.5096   0.6112 14.85224604156253
0 OBJECT G
1 58923U 24024G   26111.61655249  .10152892  24702-5  94718-3 0  9998
2 58923  97.2921 208.5414 0015510 249.5484 110.4149 16.38359028124621
0 HAWK-8A
1 59443U 24066B   26268.99055058  .00000976  00000-0  97097-4 0  9996
2 59443  45.6026 115.3749 0003435 234.5747 125.4814 14.99437879134966
0 KORSAT-1
1 59452U 24066L   26269.90763003  .00002546  00000-0  22765-3 0  9998
2 59452  45.4111  77.2051 0006889 251.5563 108.4566 14.98633791135317
0 WSF-M
1 59481U 24070A   26269.63656414  .00000034  00000-0  35874-4 0  9998
2 59481  98.7202 276.2225 0005418  41.0187 319.1396 14.20751346127502
0 COBE
1 20322U 89089A   26269.66274491  .00000198  00000-0  14878-3 0  9996
2 20322  98.9025 269.9096 0008985 150.8142 335.0190 14.05480917888910
0 ACS 3
1 59588U 24077B   26269.75409116  .00021197  00000-0  14766-1 0  9998
2 59588  97.2296 166.4404 0054745 333.4973  26.3398 13.97859133122212
0 NEONSAT-1
1 59587U 24077A   26269.98298082  .00013195  00000-0  32396-3 0  9990
2 59587  97.3447 354.3573 0008276  34.8209 325.3577 15.40771624135399
0 STRIX-3
1 59224U 24047A   26269.94708044  .00006449  00000-0  29561-3 0  9999
2 59224  97.6731 247.2886 0014659  71.7143 288.5686 15.20725081140203
0 ASNARO
1 40298U 14070A   26269.96299977  .00004904  00000-0  23383-3 0  9997
2 40298  97.3375 343.2882 0005584 160.7363 199.4085 15.19536696659464
0 ICEYE-X25
1 56963U 23084AH  26269.72986242  .00036849  00000-0  34925-3 0  9997
2 56963  97.5980  63.6161 0002510 287.4021  72.6965 15.66853473183841
0 YAOGAN 4
1 33446U 08061A   26269.76052135  .00000755  00000-0  98571-4 0  9990
2 33446  97.9340 202.5417 0015667  98.6127 261.6862 14.83358340960727
0 OBJECT J
1 59781U 24092J   26269.89713407  .00000113  00000-0  59088-4 0  9990
2 59781  98.6811  28.8846 0011026 270.6826  89.3094 14.31879083123454
0 OBJECT H
1 59780U 24092H   26269.89861338  .00000111  00000-0  58137-4 0  9998
2 59780  98.6811  28.8802 0011141 270.4752  89.5154 14.31878797123459
0 OBJECT G
1 59779U 24092G   26269.89890263  .00000098  00000-0  53428-4 0  9997
2 59779  98.6813  28.8889 0010803 269.0958  90.8988 14.31874354123455
0 HAWK-9A
1 59446U 24066E   26269.14978610  .00001114  00000-0  10828-3 0  9996
2 59446  45.6088 115.2796 0003391 226.2919 133.7682 14.99394698134986
0 OBJECT H
1 42832U 17042H   26269.42315465  .00003607  00000-0  23295-3 0  9998
2 42832  97.4290  66.5931 0011235 120.8210 239.4126 15.08806197502209
0 EXCITE
1 43819U 18099BP  26269.62358256  .00001530  00000-0  10624-3 0  9999
2 43819  97.3886 304.3622 0018360   9.3500 350.8067 15.06852663427029
0 SHIJIAN 6 04A (SJ-6 04A
1 37179U 10051A   26269.96650163  .00005200  00000-0  25118-3 0  9992
2 37179  97.8237 296.7194 0016771 231.1133 128.8605 15.19001949872397
0 HAIYANG 2A
1 37781U 11043A   26269.94129774 -.00000070  00000-0 -29737-4 0  9994
2 37781  99.3452 270.0905 0003728 100.8601 259.2966 13.71235847760619
0 SCISAT 1
1 27858U 03036A   26269.85412861  .00000417  00000-0  57752-4 0  9994
2 27858  73.9313 329.3268 0007316 358.1290   1.9857 14.81547429246508
0 NEXSAT-1
1 58921U 24024E   26269.92415095  .00005845  00000-0  17602-3 0  9998
2 58921  97.2970 342.8646 0009736 110.1977 250.0314 15.34685355147490
0 SWARM C
1 39453U 13067C   26269.85737340  .00009530  00000-0  16365-3 0  9994
2 39453  87.3377  17.0550 0002759 101.5144 258.6427 15.50980398721965
0 SWARM B
1 39451U 13067A   26269.91600334  .00002486  00000-0  86816-4 0  9993
2 39451  87.7417 311.4222 0003209  82.9503 277.2111 15.29090568698788
0 SWARM A
1 39452U 13067B   26269.85747578  .00009318  00000-0  15999-3 0  9993
2 39452  87.3374  18.4716 0002760 102.5720 257.5850 15.50981227722009
0 OBJECT C
1 59775U 24092C   26269.89509226  .00008501  00000-0  28519-3 0  9998
2 59775  97.6768  44.1475 0008481 177.8655 182.2623 15.31120125131137
0 OBJECT B
1 60089U 24116B   26269.94682778  .00001143  00000-0  12017-3 0  9996
2 60089  28.9949 194.2746 0004990 356.5821   3.4738 14.83722983122727
0 ORBCOMM FM 107
1 40087U 14040B   26269.45898325  .00000308  00000-0  10112-3 0  9996
2 40087  47.0061 333.3932 0001953 255.2929 104.7741 14.59025807649214
0 ORBCOMM FM 109
1 40086U 14040A   26269.86784085  .00000253  00000-0  89624-4 0  9991
2 40086  47.0045 330.7175 0002090 299.5969  60.4709 14.58927380649198
0 ORBCOMM FM 118
1 41183U 15081E   26269.01444769  .00000357  00000-0  11146-3 0  9993
2 41183  47.0034 245.0142 0001947 151.5275 208.5717 14.58980883572459
0 HAMMER
1 59148U 24043BC  26269.95001914  .00021446  00000-0  28831-3 0  9996
2 59148  97.5520  64.2643 0003583 191.1083 169.0094 15.57913631143620
0 OBJECT B
1 59774U 24092B   26269.89740054  .00008506  00000-0  29198-3 0  9992
2 59774  97.6622  41.9865 0008473 175.7352 184.3961 15.30371729131084
0 ICEYE-X36
1 59103U 24043F   26269.68337384  .00004086  00000-0  27220-3 0  9992
2 59103  97.8508  49.7028 0005443 347.6600  12.4493 15.07680555140436
0 LYNK TOWER 1
1 52162U 22033F   26070.14744489  .04219028  24166-5  81675-3 0  9992
2 52162  97.2464 176.1299 0007275 250.4255 109.6255 16.31783425221484
0 TECHEDSAT-11
1 60208U 24125F   26046.49759830  .22159603  22509-5  50511-2 0  9998
2 60208  97.2328 260.3655 0009466 338.6387  21.4511 16.29991395 90512
0 R5-S2
1 60207U 24125E   26269.83010044  .00016216  00000-0  31103-3 0  9991
2 60207  97.2227 121.5474 0013416 212.0976 147.9459 15.47975172124893
0 R5-S4
1 60206U 24125D   26269.86486704  .00015347  00000-0  31660-3 0  9995
2 60206  97.2254 120.6045 0014087 214.8912 145.1416 15.45857878124827
0 R5-S4
1 60206U 24125D   26269.86486704  .00015347  00000-0  31660-3 0  9995
2 60206  97.2254 120.6045 0014087 214.8912 145.1416 15.45857878124827
0 OBJECT A
1 60203U 24125A   26269.89060092  .00179405  00000-0  74167-3 0  9998
2 60203  97.1997 132.1816 0006814 161.4383 198.7138 15.85363448125633
0 OBJECT G
1 60209U 24125G   26269.85060257  .00112479  00000-0  66150-3 0  9994
2 60209  97.2078 130.5381 0006894 173.3265 186.8095 15.77878980125518
0 CATSAT
1 60246U 24125J   26269.89395675  .00126847  00000-0  86367-3 0  9990
2 60246  97.1917 124.7059 0015307 154.3776 205.8251 15.74352528123305
NOSS 3-6 (A)
1 38758U 12048A   26255.11317649 0.00000000  00000-0  00000-0 0    01
2 38758  63.4236 347.0777 0322039 357.6542   2.3457 13.41058725    00
0 GCOM-C
1 43065U 17082A   26269.79765854  .00000096  00000-0  57006-4 0  9999
2 43065  98.6193 342.0561 0001092  95.2315 264.8990 14.27273765456438
0 OBJECT G
1 60241U 24128G   26269.31562438  .00003462  00000-0  23549-3 0  9998
2 60241  61.9894 218.8972 0025154 155.9950 204.2323 15.08137958121568
0 OBJECT C
1 60237U 24128C   26269.41101407  .00003285  00000-0  22958-3 0  9995
2 60237  61.9891 220.9515 0025758 157.0103 203.2150 15.07232576121524
0 ISTSAT-1
1 60238U 24128D   26269.95293628  .00005189  00000-0  30592-3 0  9990
2 60238  61.9878 205.9980 0023371 150.5518 209.6900 15.12662213121856
0 3CAT-4
1 60236U 24128B   26269.93429015  .00001172  00000-0  10289-3 0  9996
2 60236  61.9920 231.1074 0027868 162.4317 197.7745 15.02503768121392
0 OBJECT A
1 60235U 24128A   26269.94393197  .00001349  00000-0  11859-3 0  9997
2 60235  61.9933 237.2002 0035317 162.9484 197.2803 15.01489419121284
0 ROBUSTA-3A
1 60243U 24128J   26269.56464274  .00006497  00000-0  37719-3 0  9991
2 60243  61.9859 209.4052 0026859 148.6444 211.6260 15.12824720121754
0 OBJECT H
1 60242U 24128H   26269.54065981  .00006967  00000-0  39370-3 0  9997
2 60242  61.9781 206.4388 0024962 151.2047 209.0433 15.13751385121792
0 OOV-CUBE
1 60240U 24128F   26269.91417504  .00001507  00000-0  12560-3 0  9995
2 60240  61.9933 230.7538 0030141 157.5865 202.6551 15.03130664121407
0 ARIANE 6 R/B
1 60239U 24128E   26269.64284409  .00000864  00000-0  83780-4 0  9997
2 60239  62.0107 239.1539 0028777 160.5228 199.6969 15.00618619121252
0 ICEYE-X26
1 56961U 23084AF  26151.53340426  .07996038  26164-5  98774-3 0  9990
2 56961  97.5464 315.9673 0014332 270.4834  89.4821 16.35905726166626
0 KINEIS-1D
1 60082U 24114D   26269.97624194  .00000401  00000-0  64952-4 0  9990
2 60082  97.9865 289.0056 0001085 156.7859 203.3400 14.76431852122140
0 ALSAT 2A
1 36798U 10035D   26269.93985723  .00000341  00000-0  58253-4 0  9998
2 36798  97.7688 268.3448 0001044  85.3463 274.7866 14.74602046868751
0 KINEIS-1E
1 60083U 24114E   26269.94053287  .00000511  00000-0  72997-4 0  9997
2 60083  97.8924 291.7598 0001582 209.4583 150.6540 14.80782606122442
0 KINEIS-1B
1 60079U 24114A   26269.95793203  .00000589  00000-0  83343-4 0  9994
2 60079  97.9798 293.6512 0003745 114.6233 245.5370 14.80757856122462
0 PNEO4
1 49070U 21073E   26269.92326622  .00000808  00000-0  10933-3 0  9995
2 49070  97.8955 343.2235 0001432  87.6441 272.4936 14.81671416276431
0 KINEIS-1C
1 60081U 24114C   26269.99162110  .00000534  00000-0  76228-4 0  9992
2 60081  97.9816 293.5564 0001221 136.2385 223.8924 14.80755372122440
0 KINEIS-1A
1 60084U 24114F   26269.90760650  .00000797  00000-0  11026-3 0  9994
2 60084  97.8897 291.7947 0004616 152.8606 207.2848 14.80747516122449
0 ICEYE-X4
1 44390U 19038D   26269.94111818  .00009638  00000-0  32131-3 0  9998
2 44390  97.8674 308.9507 0011191 311.3971  48.6306 15.31267580397366
Ofeq 16
1 45860U 20044A   26192.06578033 0.00002200  00000-0  18339-3 0    09
2 45860 141.0845 341.1901 0010440 109.2332 250.7661 14.97770392    02
0 EINSTEIN PROBE
1 58753U 24007A   26269.62821950  .00002340  00000-0  16160-3 0  9995
2 58753  28.9992 273.4846 0009492 197.6740 162.3529 15.02291556148839
0 JASON 3
1 41240U 16002A   26269.90565096 -.00000056  00000-0  24033-4 0  9993
2 41240  66.0397 271.9807 0008626 267.3685  92.6346 12.87627848500342
0 GOES 16
1 41866U 16071A   26269.67163347 -.00000087  00000-0  00000-0 0  9998
2 41866   0.5841  84.1501 0002028 138.9463 279.5004  1.00271502 36127
0 ALPHASAT (I-4A F4)
1 39215U 13038A   26269.83989021  .00000141  00000-0  00000-0 0  9996
2 39215   3.0038   0.6182 0003897 197.8532 134.4172  1.00272507 45033
0 PNEO3
1 48268U 21034A   26269.75444515 -.00000202  00000-0 -19019-4 0  9998
2 48268  97.8954 343.0609 0001387  87.8555 272.2816 14.81674314292699
0 ICEYE-X21
1 55049U 23001AS  26175.21618542  .01585954  23968-5  60214-3 0  9995
2 55049  97.3001 262.6152 0012377 285.9702  74.0225 16.24069885194757
0 UFO 11 (USA 174)
1 28117U 03057A   26269.87011344 -.00000094  00000-0  00000-0 0  9991
2 28117   9.0462  33.2784 0003870 165.0485 195.9839  1.00271417 83475
0 FLOCK 4Q 1
1 58270U 23174Q   26173.35000446  .04501227  24635-5  14221-2 0  9998
2 58270  97.3819 269.3494 0017907 276.3246  83.6006 16.25979091146858
0 OBJECT BQ
1 60530U 24149BQ  26269.73404009  .00001373  00000-0  12523-3 0  9996
2 60530  97.6697 342.4778 0001288  85.2294 274.9075 14.96717613115145
0 CONNECTA IOT-3
1 60475U 24149H   26269.76342679  .00007679  00000-0  31676-3 0  9996
2 60475  97.3660 344.0630 0001421 265.2570  94.8506 15.24331068117273
0 NIGHTJAR
1 60535U 24149BV  26269.77119762  .00003069  00000-0  25462-3 0  9994
2 60535  97.6804 345.0506 0003833  85.5579 274.6082 14.99524129158092
CAPELLA-15 (ACADIA-5)
1 98863C 24149CW  24229.89650970 -.00076976  00000+0 -75840-2 0    02
2 98863  97.7459 305.3851 0005951 140.4822 217.9113 14.92163222    10
0 LEMU-NGE
1 60532U 24149BS  26269.71102099  .00001206  00000-0  11461-3 0  9995
2 60532  97.6762 342.5951 0002318  69.6790 290.4680 14.95282351115124
0 SATELIOT_4
1 60537U 24149BX  26269.78271453  .00000738  00000-0  69167-4 0  9994
2 60537  97.6655 342.3158 0003235  67.6850 292.4715 14.96954804115177
GNOMES-5
1 98841C 24149CP  24229.89561965 -.00076748  00000+0 -76177-2 0    04
2 98841  97.7506 305.3839 0004412 139.6930 213.9132 14.91874103    19
0 DEIMOS
1 60526U 24149BL  26269.77230785  .00017720  00000-0  34427-3 0  9993
2 60526  97.3744 357.6440 0003672 270.8072  89.2757 15.47679541118140
0 SATORO-T2
1 60477U 24149K   26061.88553982  .13776444  25362-5  33611-3 0  9993
2 60477  97.3523 155.3904 0011875 278.2121  81.7834 16.45214830 86646
0 LEMUR 2 TOMATOKECHUP
1 60471U 24149D   26269.80072683  .00009665  00000-0  26156-3 0  9996
2 60471  97.3751 352.2077 0001333 171.9369 188.1898 15.37901159117771
0 WARATAH SEED-1
1 60469U 24149B   26269.21029397  .00014652  00000-0  39077-3 0  9990
2 60469  97.3632 350.0081 0001382 173.7096 186.4167 15.38243708117633
0 PTD-R (TYVAK-0127)
1 60523U 24149BH  26166.10956565  .08494645  25249-5  54306-3 0  9992
2 60523  97.3587 267.1148 0014665 263.0313  96.9318 16.40205066103118
0 TOMORROW-S2
1 60485U 24149T   26269.90050883  .00006895  00000-0  21160-3 0  9992
2 60485  97.3761 350.6962 0001092 261.2618  98.8501 15.34062674117678
0 LEMUR 2 STELLA
1 60533U 24149BT  26269.74694012  .00009483  00000-0  53023-3 0  9995
2 60533  97.6692 352.7567 0001570  92.3017 267.8393 15.13699449115857
0 KANYINI
1 60556U 24149CS  26269.76676429  .00049769  00000-0  58632-3 0  9996
2 60556  97.3673 359.9897 0001782 211.7702 148.3448 15.61243148118318
0 ARCTIC WEATHER SATELLIT
1 60543U 24149CD  26269.90796722  .00000487  00000-0  56321-4 0  9995
2 60543  97.6707 337.4129 0003482 117.6414 242.5158 14.89797881114449
HYPERFIELD-1
1 98848C 24149T   24229.82980947  .00002698  00000+0  13191-3 0    08
2 98848  97.4479 305.4175 0007828 143.5281 212.0284 15.18271070    15
0 TYCHE
1 60496U 24149AE  26269.84958469  .00003517  00000-0  14042-3 0  9993
2 60496  97.3681 346.2445 0000395 336.9716  23.1504 15.25806564117401
0 TANAGER-1 4001
1 60507U 24149AR  26268.73873050  .00018678  00000-0  41156-3 0  9995
2 60507  97.2287   2.4175 0000532  34.8584 325.2699 15.43977911118559
0 ORESAT0.5
1 60525U 24149BK  26269.54780931  .00022728  00000-0  42477-3 0  9998
2 60525  97.3684 357.3417 0003678 262.2988  97.7845 15.48747864118147
0 CONNECTA IOT-1
1 60472U 24149E   26269.74168184  .00007142  00000-0  29428-3 0  9995
2 60472  97.3683 344.3225 0000537 298.0699  62.0484 15.24394148117260
0 SATELIOT_3
1 60552U 24149CN  26269.78561234  .00000899  00000-0  80251-4 0  9995
2 60552  97.6754 344.8584 0006307  96.4852 263.7089 14.98390051115297
0 EAGLEEYE
1 60508U 24149AS  26266.32291028  .12422171  25427-5  23333-3 0  9990
2 60508  97.3364   7.3674 0013278 273.1936  86.7847 16.46500711118496
0 PTD-4
1 60565U 24149DB  26269.78109336  .00019303  00000-0  75493-3 0  9991
2 60565  97.6947   1.3099 0002998  61.5856 298.5683 15.25886662116296
UMBRA-09
1 98832C 24149CY  24229.89677706 -.00077083  00000+0 -76165-2 0    05
2 98832  97.7508 305.3853 0005045 144.5390 215.2800 14.92052535    10
UMBRA-10
1 98833C 24149CT  24229.89609535 -.00076749  00000+0 -75306-2 0    05
2 98833  97.7502 305.3845 0006182 149.9416 206.2190 14.92325966    10
CAKRA-1
1 98861C 24149V   24229.83006873 -.00000033  00000+0 -17114-5 0    05
2 98861  97.4431 305.4181 0005199  77.7796 279.2026 15.16596912    15
0 YAM-7
1 60504U 24149AN  26269.79067882  .00006415  00000-0  20352-3 0  9998
2 60504  97.3723 349.6750 0001835 307.6967  52.4108 15.33032792117618
0 SATELIOT_2
1 60534U 24149BU  26269.72538143  .00000959  00000-0  89124-4 0  9997
2 60534  97.6744 342.8033 0001666  95.6171 264.5241 14.96654499115152
0 LEMUR 2 MARHISYAM
1 60536U 24149BW  26269.70466844  .00010025  00000-0  57220-3 0  9991
2 60536  97.6839 353.2521 0003042 121.7465 238.4062 15.12940725115828
0 CONNECTA IOT-4
1 60524U 24149BJ  26269.76083302  .00025308  00000-0  51538-3 0  9994
2 60524  97.3751 355.5789 0003958 274.5815  85.4982 15.46237790118000
0 CUAVA-2
1 60527U 24149BM  26269.76237272  .00011364  00000-0  30357-3 0  9997
2 60527  97.3672 351.5726 0004892 290.9240  69.1481 15.38247084117778
0 TOMORROW-S1
1 60479U 24149M   26269.22168481  .00011063  00000-0  33864-3 0  9991
2 60479  97.3697 349.4274 0001510 212.7171 147.3979 15.33995510117572
0 BRO-15
1 60553U 24149CP  26269.76016866  .00001083  00000-0  10066-3 0  9992
2 60553  97.6724 343.1889 0009675 105.6859 254.5431 14.96357946115198
0 ERNST
1 60528U 24149BN  26269.83259809  .00012262  00000-0  29385-3 0  9993
2 60528  97.3762 354.4564 0004173 290.8584  69.2216 15.41552468117926
GNA-3
1 98828C 24149S   24229.82957104  .00002964  00000+0  14464-3 0    05
2 98828  97.4467 305.4173 0008238 143.0641 211.1930 15.18340742    10
0 ION SCV-012
1 60573U 24149DK  26269.76883389  .00000710  00000-0  69882-4 0  9993
2 60573  97.6694 341.6131 0004814  99.0570 261.1196 14.95108506115091
0 QUBE
1 60476U 24149J   26269.75146849  .00027402  00000-0  45381-3 0  9991
2 60476  97.3759 358.4733 0002187 187.6384 172.4835 15.52146359118194
0 BRO-14
1 60551U 24149CM  26269.71044143  .00000568  00000-0  55248-4 0  9993
2 60551  97.6799 343.6321 0008058 112.5047 247.7028 14.96358763115176
0 HYPSO-2
1 60531U 24149BR  26269.73127694  .00001410  00000-0  12065-3 0  9992
2 60531  97.6737 344.5000 0000741 359.6919   0.4303 14.99176034115265
0 QPS-SAR-8 AMATERU-IV
1 60542U 24149CC  26269.74788334  .00004320  00000-0  30891-3 0  9999
2 60542  97.6612 348.0677 0004778 116.8417 243.3298 15.04973732115547
0 SATELIOT_1
1 60550U 24149CL  26269.74290361  .00001463  00000-0  12752-3 0  9997
2 60550  97.6659 343.9275 0007659  96.7542 263.4553 14.98373589115274
0 CONNECTA IOT-2
1 60522U 24149BG  26269.79469401  .00007273  00000-0  29496-3 0  9992
2 60522  97.3769 346.4125 0005592 338.9662  21.1345 15.24912200117372
0 IPERDRONE.0
1 60520U 24149BE  26269.74815782  .00288953  33115-4  91084-3 0  9997
2 60520  97.3689   9.4460 0005179 241.4247 118.6506 15.91305075118919
0 OBJECT B
1 60013U 24110B   26269.93270531  .00006291  00000-0  26502-3 0  9999
2 60013  97.5739   6.7433 0009265 251.1444 108.8788 15.23673846127676
0 OBJECT D
1 60015U 24110D   26269.93796735  .00004742  00000-0  19131-3 0  9999
2 60015  97.5765   8.3190 0008248 250.3473 109.6875 15.25274840127767
0 ICEYE-X35
1 58302U 23174AY  26269.94429822  .00072843  00000-0  78754-3 0  9998
2 58302  97.3733 358.0579 0006878 186.3927 173.7245 15.63349140161186
0 LEMU-NGE
1 60532U 24149BS  26269.71102099  .00001206  00000-0  11461-3 0  9995
2 60532  97.6762 342.5951 0002318  69.6790 290.4680 14.95282351115124
0 UM5-EOSAT
1 60555U 24149CR  26269.77878670  .00003029  00000-0  23534-3 0  9990
2 60555  97.6645 347.3742 0009913 152.8153 207.3592 15.02028619115466
0 UM5-RIBAT
1 60554U 24149CQ  26269.78166706  .00002067  00000-0  16465-3 0  9996
2 60554  97.6366 346.0956 0003631 108.6218 251.5401 15.01450144115438
0 JASON 2
1 33105U 08032A   26269.91419095 -.00000081  00000-0 -74071-4 0  9992
2 33105  66.0386 196.9285 0007918 269.6177 127.7423 12.87697325856809
0 PLEIADES 1B
1 39019U 12068A   26269.95304419  .00000021  00000-0  14359-4 0  9998
2 39019  98.1876 343.5566 0001476  98.8988 261.2379 14.58568825735684
0 OBJECT E
1 59777U 24092E   26269.36894912  .00022950  00000-0  56958-3 0  9993
2 59777  97.6705  46.9203 0006933 143.2035 216.9687 15.40341066131301
0 OBJECT D
1 59776U 24092D   26269.34885394  .00023222  00000-0  57463-3 0  9999
2 59776  97.6707  46.9568 0006873 143.4777 216.6938 15.40429081131304
0 OBJECT K
1 59809U 24092K   26269.31197248  .00023593  00000-0  59133-3 0  9994
2 59809  97.6696  46.6171 0007094 143.5625 216.6104 15.40033712130782
0 OBJECT B
1 59918U 24105B   26269.94410550  .00003805  00000-0  17862-3 0  9990
2 59918  97.5792 285.8603 0010180 247.7593 112.2562 15.20223616128505
0 OBJECT A
1 59917U 24105A   26269.96538954  .00002032  00000-0  10459-3 0  9996
2 59917  97.5825 285.3183 0011888 230.8205 129.1973 15.17536664128462
0 OBJECT A
1 60468U 24149A   26269.74201700  .00007343  00000-0  22327-3 0  9996
2 60468  97.3669 349.4196 0002411 187.3520 172.7688 15.34335540117625
0 LUR-1
1 60506U 24149AQ  26269.89707448  .00005896  00000-0  19794-3 0  9990
2 60506  97.3673 348.0261 0002711 320.3574  39.7469 15.31242290117537
0 OBJECT F
1 59778U 24092F   26269.35564395  .00024467  00000-0  58906-3 0  9992
2 59778  97.6700  47.3560 0007087 142.9586 217.2150 15.41248948131334
0 SEDNA-1
1 60580U 24149DS  26269.75689732  .00005423  00000-0  35503-3 0  9994
2 60580  97.6583 349.8344 0008760  12.4602 347.6841 15.08135783115696
0 SPACEMOBILE-005
1 61046U 24163B   26269.54878065  .00005947  00000-0  28382-3 0  9992
2 61046  52.9712 203.4129 0010204  59.9196 300.2809 15.20400110113182
0 SPACEMOBILE-004
1 61049U 24163E   26265.43859122  .00011208  00000-0  52066-3 0  9995
2 61049  52.9752 221.8070 0009466  75.0583 285.1458 15.20450929112560
0 SPACEMOBILE-003
1 61045U 24163A   26266.14581248  .00001263  00000-0  71932-4 0  9995
2 61045  52.9700 219.0450 0007021  54.5209 305.6440 15.20437013112672
0 SPACEMOBILE-002
1 61048U 24163D   26265.32485327  .00012946  00000-0  59995-3 0  9992
2 61048  52.9755 222.5793 0007318  52.8355 307.3306 15.20406491112548
0 SPACEMOBILE-001
1 61047U 24163C   26266.26089718  .00000242  00000-0  25817-4 0  9992
2 61047  52.9685 218.1977 0008021  60.3631 299.8161 15.20405793112680
0 CHAMRAN-1
1 61072U 24165B   26269.50358308  .00003484  00000-0  20609-3 0  9990
2 61072  64.0746  68.7957 0061625 301.3712  58.1383 15.11744731111975
0 KINEIS-3A
1 61223U 24172D   26269.77015825  .00001518  00000-0  24778-3 0  9996
2 61223  98.0400 358.6588 0003139 115.6722 244.4810 14.72358903107722
0 PROITERES
1 38756U 12047B   26269.90361479  .00001186  00000-0  15403-3 0  9999
2 38756  98.2335 194.6541 0012118  85.0102 275.2493 14.82659917757384
0 COSMOS 2517 (GEO-IK)
1 41579U 16034A   26269.93620471 -.00000002  00000-0  36115-4 0  9990
2 41579  99.1924 276.8065 0001073  83.2582 276.8697 13.85911374521729
0 ALSAT 1B
1 41785U 16059C   26269.97895644  .00000284  00000-0  52302-4 0  9993
2 41785  97.7789 274.3718 0007752 258.4396 101.5942 14.72338224535555
0 AEROCUBE 16B
1 59291U 24053D   26269.44336221  .00017940  00000-0  36106-3 0  9990
2 59291  49.9908 168.9813 0002298  57.4992 302.6194 15.46613685136842
0 PICO-02H028
1 60570U 24149DG  26034.65741471  .13402933  26327-5  29722-2 0  9992
2 60570  97.6543 132.2173 0012872 299.5702  60.4308 16.30150024 81324
0 PICO-02G027
1 60566U 24149DC  26031.22751986  .13254879  26258-5  28791-2 0  9991
2 60566  97.6610 128.7595 0011638 302.3185  57.6981 16.30422006 80819
0 PICO-02F026
1 60567U 24149DD  26031.90446067  .08775544  25978-5  36338-2 0  9993
2 60567  97.6607 129.8962 0012448 304.2255  55.7855 16.22997613 80917
0 PICO-02A021
1 60538U 24149BY  26269.18299455  .00004753  00000-0  34805-3 0  9992
2 60538  97.6673 347.1597 0005407  44.7214 315.4447 15.04030636114918
0 PICO-02I029
1 60568U 24149DE  26032.89200757  .12298623  26260-5  29726-2 0  9998
2 60568  97.6526 130.3820 0012760 301.4854  58.5192 16.29226916 81058
0 PICO-02C023
1 60564U 24149DA  26044.42348664  .12092122  26305-5  30268-2 0  9995
2 60564  97.6578 142.1406 0012828 296.0281  63.9690 16.28841824 82818
0 ICEYE-X40
1 60549U 24149CK  26269.75454734  .00003523  00000-0  29964-3 0  9994
2 60549  97.6727 344.6078 0006437  99.5110 260.6840 14.98455040115284
0 SHIYAN 2 (SY-2)
1 28479U 04046A   26269.62945585  .00000603  00000-0  11698-3 0  9990
2 28479  98.0601 277.8888 0008355 304.0935  55.9476 14.66647014164678
0 OBJECT BF
1 60521U 24149BF  26202.54104313  .10981040  25523-5  30307-3 0  9998
2 60521  97.3689 301.9473 0013493 271.8896  88.0860 16.44354617108578
0 ALOS-4
1 60182U 24123A   26269.74304881  .00001005  00000-0  14143-3 0  9991
2 60182  97.9223   5.4563 0001522  99.9182 260.2202 14.79474886120894
0 JILIN-01 GAOFEN 2D
1 49256U 21086A   26269.85343478  .00003087  00000-0  20003-3 0  9996
2 49256  97.6595  32.5055 0030913 176.0111 184.1370 15.08493549276065
0 PREFIRE-1
1 59965U 24108A   26269.89827587  .00004976  00000-0  20525-3 0  9991
2 59965  97.5434  65.2272 0009777 240.7724 119.2536 15.24490101128081
0 PREFIRE-2
1 59881U 24099A   26269.15608545  .00003279  00000-0  14805-3 0  9996
2 59881  97.3952 123.6620 0010992 205.5623 154.5071 15.21632700129486
0 POLYTECH UNIVERSE-5
1 61745U 24199L   26269.94147600  .00102484  00000-0  66950-3 0  9992
2 61745  97.2727 151.5090 0002524 178.2433 181.8842 15.75538787153626
0 OBJECT U
1 61753U 24199U   26269.91540401  .00044256  00000-0  49558-3 0  9991
2 61753  97.2778 148.2242 0002369 244.6483 115.4530 15.62583542153401
0 OBJECT S
1 61751U 24199S   26269.87222458  .00008003  00000-0  21351-3 0  9994
2 61751  97.2816 138.6003 0007634 308.3953  51.6606 15.38373639152760
0 OBJECT BE
1 61787U 24199BE  26269.86097929  .00008265  00000-0  22249-3 0  9992
2 61787  97.2828 138.0706 0011173 305.9940  54.0269 15.38048863152713
0 SIT-2086
1 61764U 24199AF  26269.88845447  .00046509  00000-0  56023-3 0  9995
2 61764  97.2731 148.3180 0003448 221.6137 138.4858 15.60671052150254
0 OBJECT AK
1 61768U 24199AK  26269.90654794  .00020745  00000-0  32287-3 0  9995
2 61768  97.2778 146.1198 0002707 281.1674  78.9276 15.53927213150110
0 OBJECT BB
1 61784U 24199BB  26269.89028681  .00069900  00000-0  62643-3 0  9996
2 61784  97.2729 148.7901 0003668 243.2023 116.8864 15.68099532153442
0 RTU MIREA 1
1 61785U 24199BC  26269.84049586  .00110403  00000-0  71429-3 0  9996
2 61785  97.2697 150.3410 0002929 212.9230 147.1853 15.75737005150391
0 VIZARD-ION
1 61749U 24199Q   26269.89327001  .00047301  00000-0  52712-3 0  9992
2 61749  97.2778 148.6275 0002848 232.0983 128.0018 15.62693363153419
0 OBJECT AY
1 61781U 24199AY  26269.90106591  .00006804  00000-0  18986-3 0  9997
2 61781  97.2821 137.6586 0011844 308.5623  51.4560 15.36996081149547
0 OBJECT AL
1 61769U 24199AL  26269.92490468  .00038109  00000-0  46005-3 0  9990
2 61769  97.2736 148.1268 0001288 239.5357 120.5774 15.60659423150258
0 SIT-HSE
1 61763U 24199AE  26269.90033743  .00045178  00000-0  55700-3 0  9997
2 61763  97.2772 148.2491 0001499 239.6464 120.4645 15.60070454153402
0 MSU ALTAIR
1 61779U 24199AW  26269.87653180  .00009737  00000-0  25613-3 0  9994
2 61779  97.2853 138.5909 0010548 305.2626  54.7632 15.38720611152743
0 COLIBRI-S
1 61746U 24199M   26269.88691026  .00021911  00000-0  36760-3 0  9993
2 61746  97.2772 144.8617 0005217 270.6227  89.4428 15.51812624153168
0 OBJECT R
1 61750U 24199R   26269.88204492  .00043589  00000-0  48198-3 0  9998
2 61750  97.2758 148.0624 0002695 255.4005 104.6954 15.62911989153398
0 POLYTECH UNIVERSE-4
1 61747U 24199N   26269.90906216  .00016672  00000-0  30958-3 0  9998
2 61747  97.2810 143.7956 0006115 265.6622  94.3931 15.48982746153092
0 OBJECT AC
1 61761U 24199AC  26269.92704829  .00052521  00000-0  51633-3 0  9998
2 61761  97.2698 149.2151 0002161 210.8833 149.2301 15.65866292153483
0 HYPERVIEW-1G
1 61772U 24199AP  26230.11543498  .07890463  24672-5  93922-3 0  9997
2 61772  97.2456 114.2453 0006603 245.8477 114.2131 16.36574258144515
0 OBJECT V
1 61754U 24199V   26269.91038029  .00079823  00000-0  62775-3 0  9994
2 61754  97.2707 150.3228 0002215 198.8659 161.2523 15.71247305153558
0 OBJECT A
1 60235U 24128A   26269.94393197  .00001349  00000-0  11859-3 0  9997
2 60235  61.9933 237.2002 0035317 162.9484 197.2803 15.01489419121284
0 OBJECT J
1 61743U 24199J   26269.85591454  .00001658  00000-0  14378-3 0  9998
2 61743  97.3172 103.0975 0007261  81.3843 278.8203 14.98301085147214
0 OBJECT T
1 61752U 24199T   26269.86155755  .00001840  00000-0  15997-3 0  9990
2 61752  97.3171 102.9524 0007242  82.8758 277.3289 14.98079033150342
0 OBJECT D
1 61738U 24199D   26269.88584712  .00002713  00000-0  23404-3 0  9997
2 61738  97.3177 102.9256 0008266  85.0863 275.1304 14.98020786147041
0 OBJECT C
1 61737U 24199C   26269.83590294  .00002155  00000-0  18691-3 0  9995
2 61737  97.3193 102.8376 0008626  82.2535 277.9668 14.98014696147030
0 OBJECT BG
1 61789U 24199BG  26269.88181996  .00002500  00000-0  21418-3 0  9997
2 61789  97.3169 103.2269 0007823  91.9175 268.2945 14.98367341147265
0 OBJECT AA
1 61759U 24199AA  26269.89591218  .00002866  00000-0  24491-3 0  9996
2 61759  97.3184 103.1767 0008156  86.5887 273.6269 14.98346326150365
0 OBJECT Z
1 61758U 24199Z   26269.89073964  .00002905  00000-0  24811-3 0  9998
2 61758  97.3176 103.1793 0008124  86.6100 273.6052 14.98367530150368
0 OBJECT E
1 61739U 24199E   26269.85435581  .00001556  00000-0  14497-3 0  9990
2 61739  97.3206 100.9782 0013814  81.1663 279.1123 14.95505501146948
0 OBJECT G
1 61741U 24199G   26269.86604141  .00001952  00000-0  17604-3 0  9997
2 61741  97.3199 101.4132 0013664  81.5009 278.7761 14.96539195147095
0 OBJECT AX
1 61780U 24199AX  26269.91947520  .00083084  00000-0  65999-3 0  9993
2 61780  97.2703 149.3382 0002409 241.1712 118.9309 15.70995261150344
0 OBJECT H
1 61742U 24199H   26269.88323963  .00002569  00000-0  23143-3 0  9990
2 61742  97.3203 101.3801 0014061  81.6528 278.6288 14.96322644146971
0 OBJECT F
1 61740U 24199F   26269.89764326  .00002143  00000-0  19392-3 0  9990
2 61740  97.3210 101.3606 0014268  80.1169 280.1664 14.96300792147128
0 OBJECT BD
1 61786U 24199BD  26269.88734464  .00033539  00000-0  50544-3 0  9996
2 61786  97.2739 145.4611 0005023 278.2909  81.7776 15.54713516150084
0 OBJECT AT
1 61776U 24199AT  26269.83723101  .00102279  00000-0  69378-3 0  9999
2 61776  97.2658 150.0427 0001590 214.8636 145.2525 15.74670150153548
0 OBJECT AB
1 61760U 24199AB  26269.87696859  .00383335  62434-4  85667-3 0  9991
2 61760  97.2625 154.3804 0004778 153.2941 206.8583 15.97791589153810
0 OBJECT AR
1 61774U 24199AR  26269.82589336  .00098801  00000-0  69232-3 0  9990
2 61774  97.2653 149.8840 0001710 221.8181 138.2953 15.73922678150383
0 OBJECT AQ
1 61773U 24199AQ  26269.92378397  .00077774  00000-0  63329-3 0  9990
2 61773  97.2688 149.2434 0002134 236.2787 123.8273 15.70417272150343
0 OBJECT BH
1 61790U 24199BH  26269.83133095  .00002738  00000-0  23432-3 0  9992
2 61790  97.3188 103.1169 0008174  87.5053 272.7106 14.98334608147250
0 OBJECT AV
1 61778U 24199AV  26269.88745415  .00073819  00000-0  64243-3 0  9991
2 61778  97.2676 148.6357 0002265 242.5633 117.5399 15.68811894150307
0 OBJECT W
1 61755U 24199W   26269.78516834  .00961320  53413-3  10956-2 0  9999
2 61755  97.2693 155.0253 0005592 176.9177 183.2142 16.09238667153853
0 OBJECT X
1 61756U 24199X   26269.83406355  .00409371  70870-4  93681-3 0  9999
2 61756  97.2583 154.6337 0003454 139.9801 220.1731 15.97371095153830
0 OBJECT P
1 61748U 24199P   26269.87432575  .00607285  17415-3  10104-2 0  9994
2 61748  97.2539 154.6788 0005404 160.0412 200.1081 16.02986353153845
0 OBJECT BF
1 61788U 24199BF  26269.81637251  .00072815  00000-0  62120-3 0  9990
2 61788  97.2673 148.6988 0002082 241.5731 118.5322 15.69302445150282
0 OBJECT AN
1 61771U 24199AN  26269.88942533  .00074137  00000-0  64233-3 0  9997
2 61771  97.2709 148.8643 0002642 251.6365 108.4610 15.68918504150311
0 LYNK TOWER 5
1 59121U 24043Z   26269.81360963  .00005423  00000-0  17966-3 0  9998
2 59121  97.5781  49.3967 0009447 244.6579 115.3684 15.31692508142595
0 SAOCOM 1-B
1 46265U 20059A   26269.97322007  .00000318  00000-0  46559-4 0  9999
2 46265  97.8884  94.3626 0001416  82.1649 277.9725 14.82152314328565
0 OBJECT E
1 61231U 24173E   26269.66345465  .00001170  00000-0  58826-4 0  9996
2 61231  97.4110 339.9242 0001602  92.2105 267.9314 15.19184606111160
0 IONOSFERA-M 01
1 61735U 24199A   26269.88450536  .00000035  00000-0  35025-4 0  9998
2 61735  98.6993 141.9037 0001014 140.2167 219.9086 14.22769904142163
0 IONOSFERA-M 02
1 61736U 24199B   26269.91857147  .00000043  00000-0  38730-4 0  9997
2 61736  98.6992 141.8471 0001777  59.5964 300.5389 14.22773254145290
0 OBJECT AU
1 61777U 24199AU  26269.90972423  .00015418  00000-0  28581-3 0  9990
2 61777  97.2800 143.1911 0011543 262.9705  97.0233 15.48995891149918
0 OBJECT AS
1 61775U 24199AS  26269.91076499  .00014626  00000-0  28784-3 0  9992
2 61775  97.2799 142.7396 0011530 267.3192  92.6738 15.47281041149881
0 OBJECT K
1 61744U 24199K   26269.92699849  .00033127  00000-0  44334-3 0  9995
2 61744  97.2755 146.9931 0004087 252.5006 107.5803 15.57943200150175
0 OBJECT A
1 60745U 24153A   26269.92409787  .00076086  00000-0  98423-3 0  9994
2 60745  97.6838  58.7305 0003362 113.4053 246.7556 15.58666682115896
0 LEMUR 2 SIERRINI
1 60579U 24149DR  26269.74327264  .00009407  00000-0  53935-3 0  9995
2 60579  97.6797 352.8928 0005117 174.8465 185.2819 15.12792782115803
0 LEMUR 2 LLOYD
1 60577U 24149DP  26269.75526514  .00008373  00000-0  50648-3 0  9992
2 60577  97.6698 351.0288 0004466 146.1855 213.9660 15.10891239115721
0 OBJECT C
1 57582U 23117C   26269.92871817  .00025341  00000-0  53992-3 0  9995
2 57582  97.4005 352.5709 0005403 216.9395 143.1482 15.44901465174253
0 PROTOSAT-1
1 61793U 24201B   26054.82519766  .00032486  00000-0  11844-2 0  9999
2 61793  43.0012 257.7765 0001473 278.2072  81.8612 15.27591600 72764
0 JILIN-01 GAOFEN 2F
1 49338U 21097A   26269.88433346  .00003318  00000-0  21704-3 0  9992
2 49338  97.6833  35.9480 0017146 237.9559 122.0004 15.08368515271644
0 SUPERVIEW NEO-1 02
1 52322U 22043C   26269.96469111  .00003495  00000-0  17911-3 0  9990
2 52322  97.3315 339.4885 0001763  30.6826 329.4511 15.17204697245004
0 ICEYE-X34
1 58294U 23174AQ  26257.19312473  .17303278  25854-5  23555-3 0  9990
2 58294  97.3830 354.8037 0014160 269.9580  90.0101 16.48341572159806
0 KINEIS-3B
1 61224U 24172E   26269.75304566  .00001518  00000-0  24777-3 0  9997
2 61224  98.0394 358.6585 0003166 102.4320 257.7242 14.72356971108292
0 KINEIS-3C
1 61220U 24172A   26269.74263435  .00001545  00000-0  25206-3 0  9999
2 61220  98.0409 358.5499 0001940 144.6303 215.5033 14.72351911108014
0 KINEIS-3D
1 61221U 24172B   26269.73610637  .00001552  00000-0  25324-3 0  9998
2 61221  98.0408 358.5528 0001876 139.7921 220.3425 14.72341951108298
0 KINEIS-3E
1 61222U 24172C   26269.78596748  .00001346  00000-0  22038-3 0  9990
2 61222  98.0402 358.5804 0001540 117.4693 242.6671 14.72403127108303
0 HONGHU 2
1 58555U 23193C   26269.92353492  .00005594  00000-0  17244-3 0  9992
2 58555  97.2859 259.7333 0039402 276.4317  83.2439 15.33245452117664
0 KINEIS-5E
1 62083U 24219C   26269.91132656  .00000440  00000-0  77243-4 0  9990
2 62083  97.9121  66.0673 0005200 307.7733  52.3003 14.72298901 98738
0 KINEIS-5C
1 62081U 24219A   26269.93385813  .00000485  00000-0  84395-4 0  9990
2 62081  97.9161  66.0363 0003241 333.8619  26.2425 14.72327019 98722
0 CROCUBE
1 62394U 24247T   26269.80249015  .00049689  00000-0  69529-3 0  9997
2 62394  44.9700  43.6773 0010785 282.8646  77.1042 15.56045526 99139
0 LASARSAT
1 62391U 24247Q   26269.12719931  .00051048  00000-0  80188-3 0  9994
2 62391  44.9722  52.2991 0010102 269.0833  90.8901 15.52881129 98976
0 DJIBOUTI-1B
1 62402U 24247AB  26269.35731819  .00121732  00000-0  99017-3 0  9990
2 62402  44.9677  21.7591 0011018 313.7708  46.2278 15.69534026 99354
0 CTC-0
1 62401U 24247AA  26269.64144509  .00020292  00000-0  45848-3 0  9997
2 62401  44.9701  64.4093 0005427 213.7617 146.2926 15.42898724 98873
0 LIZZIESAT-2
1 62383U 24247G   26269.80636693  .00006754  00000-0  22983-3 0  9996
2 62383  44.9899  94.1892 0000656 185.5062 174.5816 15.31175515 98546
0 GITAI-SC1
1 62388U 24247M   26269.00801887  .00005492  00000-0  24649-3 0  9991
2 62388  45.0018 126.1068 0001501 228.7290 131.3462 15.22224061 98099
0 XCUBE-1
1 62400U 24247Z   26269.89806673  .00006772  00000-0  23194-3 0  9997
2 62400  44.9952  94.8610 0000942 110.3548 249.7438 15.30960769 98541
PLEIADES-ORPHEUS
1 98724C 24248D   24356.55167141  .00080857  00000+0  38463-2 0    06
2 98724  44.9996   0.5278 0003834  18.1359 115.7653 15.18415623    15
ONDOSAT-OWL-3
1 98723C 24248B   24356.55128947  .00076199  00000+0  36280-2 0    05
2 98723  45.0051   0.5218 0002526   5.6654 126.1680 15.18390130    19
ONDOSAT-OWL-4
1 98722C 24248B   24356.55128947  .00076199  00000+0  36280-2 0    04
2 98722  45.0051   0.5218 0002526   5.6654 126.1680 15.18390130    18
ONDOSAT-OWL-6
1 98720C 24248B   24356.55128947  .00076199  00000+0  36280-2 0    02
2 98720  45.0051   0.5218 0002526   5.6654 126.1680 15.18390130    16
ONDOSAT-OWL-7
1 98719C 24248B   24356.55128947  .00076199  00000+0  36280-2 0    00
2 98719  45.0051   0.5218 0002526   5.6654 126.1680 15.18390130    14
ONDOSAT-OWL-5
1 98721C 24248B   24356.55128947  .00076199  00000+0  36280-2 0    03
2 98721  45.0051   0.5218 0002526   5.6654 126.1680 15.18390130    17
ONDOSAT-OWL-8
1 98718C 24248B   24356.55128947  .00076199  00000+0  36280-2 0    09
2 98718  45.0051   0.5218 0002526   5.6654 126.1680 15.18390130    13
ONDOSAT-OWL-9
1 98717C 24248B   24356.55128947  .00076199  00000+0  36280-2 0    08
2 98717  45.0051   0.5218 0002526   5.6654 126.1680 15.18390130    12
0 OBJECT J
1 62385U 24247J   26269.39187568  .00071756  00000-0  83962-3 0  9992
2 62385  44.9981  35.3233 0007501 283.4038  76.6021 15.60681923 99215
ONDOSAT-OWL-10
1 98716C 24248B   24356.55128947  .00076199  00000+0  36280-2 0    07
2 98716  45.0051   0.5218 0002526   5.6654 126.1680 15.18390130    11
ONDOSAT-OWL-12
1 98714C 24248H   24356.55243530  .00075084  00000+0  37160-2 0    01
2 98714  45.0011   0.5205 0005283 101.7631  36.3233 15.17035563    18
0 TANSTAAFL-2
1 62378U 24247B   26269.91159995  .00007206  00000-0  24510-3 0  9998
2 62378  44.9856  94.7211 0002185 231.0919 128.9770 15.31096538 98540
0 WREN-1
1 60478U 24149L   26269.79037197  .00020198  00000-0  42430-3 0  9999
2 60478  97.3715 355.2185 0002902 246.1346 113.9599 15.45374083117991
0 KINEIS-5A
1 62084U 24219D   26269.82005978 -.00002338  00000-0 -36299-3 0  9992
2 62084  97.9061  66.2088 0004154 359.8597   0.2608 14.72233672 98723
0 FLOCK 4Q 25
1 58303U 23174AZ  26175.56425065  .05358312  24493-5  15889-2 0  9997
2 58303  97.3556 271.9367 0015569 274.8178  85.1337 16.26827539147260
0 NOVASAR 1
1 43619U 18071B   26269.90316531  .00000305  00000-0  31763-4 0  9995
2 43619  97.4887 137.9670 0001727  88.2512 271.8908 14.96326665438147
0 OBJECT J
1 44887U 19093J   26269.95633911  .00001010  00000-0  10375-3 0  9996
2 44887  97.7880 353.2733 0013958  95.1629 265.1183 14.92506338367166
0 OBJECT A
1 56731U 23069A   26269.92816007  .00007890  00000-0  17907-3 0  9991
2 56731  40.9949 291.0845 0006196 297.6214  62.3981 15.43176422188765
0 HELIOS 2A
1 28492U 04049A   26269.89976300  .00001098  00000-0  86599-4 0  9998
2 28492  98.2469 330.1863 0002610  21.9790 338.1545 15.03064876169045
0 SDX02
1 62460U 24253B   26269.87077860  .00405489  79568-4  84986-3 0  9999
2 62460  54.9912 220.4622 0006561  95.1078 265.0725 15.98447130 98608
0 OBJECT G
1 62615U 25009G   26269.76223153  .00005638  00000-0  21631-3 0  9998
2 62615  97.3881 348.6424 0005284 344.0192  16.0879 15.26868725 94296
0 SCOT-1 (SCOT)
1 62617U 25009J   26269.78278056  .00131269  00000-0  10392-2 0  9995
2 62617  97.3790   1.8883 0003795 250.5063 109.5789 15.70920636 95206
0 SIGI
1 62632U 25009Z   26269.82681730  .00004827  00000-0  19311-3 0  9994
2 62632  97.3944 348.8300 0002111 341.4861  18.6300 15.25555939 94296
AE1C
1 98698C 25009AC  25014.83766502 -.00021035  00000+0 -10542-2 0    04
2 98698  97.4475  97.5422 0001817 346.3714   4.2416 15.17445628    13
0 CENTAURI-8
1 62714U 25009DK  26269.75110829  .00002802  00000-0  24028-3 0  9995
2 62714  97.6979 348.5170 0002431 151.0559 209.0798 14.98315504 92683
0 TROLL
1 62658U 25009BB  26269.78131829  .00008645  00000-0  28453-3 0  9995
2 62658  97.3838 351.1902 0001940  58.0617 302.0813 15.31742614148991
0 FIREFLY-1
1 62701U 25009CW  26269.84824488  .00000903  00000-0  92742-4 0  9993
2 62701  97.6994 345.8254 0003843  26.7741 333.3676 14.92766290 92488
0 IRIS-F2
1 62684U 25009CD  26269.71409286  .00005446  00000-0  19730-3 0  9996
2 62684  97.3829 348.5710 0004835  10.5416 349.5924 15.28785826151961
0 CONNECTA IOT-6
1 62709U 25009DE  26269.17322911  .00001072  00000-0  10467-3 0  9992
2 62709  97.6963 345.5949 0002367 126.9217 233.2220 14.94455116 92444
0 OBJECT AZ
1 62656U 25009AZ  26269.75934753  .00011947  00000-0  35116-3 0  9990
2 62656  97.3890 352.9668 0000975  32.9521 327.1783 15.35259810 94592
0 ANSER-LS
1 62644U 25009AM  26269.78529454  .00082719  00000-0  10538-2 0  9993
2 62644  97.3928 359.5753 0000620 269.7237  90.3948 15.59052716 94976
0 EDISON-1
1 62610U 25009B   26269.77310000  .00011800  00000-0  36331-3 0  9993
2 62610  97.3952 352.2678 0003832 316.9030  43.1912 15.33789148 94511
0 ION SCV-016
1 62628U 25009V   26269.81065694  .00018889  00000-0  38619-3 0  9998
2 62628  97.4208 296.9689 0574268 144.0664 220.0621 14.54703773 90308
0 FIREFLY-3
1 62710U 25009DF  26269.87177199  .00000765  00000-0  79438-4 0  9999
2 62710  97.6985 345.8684 0003261 164.6246 195.5073 14.92750542 92506
MBZ-SAT
1 98674C 25009CG  25014.85335368 -.00028416  00000+0 -14374-2 0    09
2 98674  97.4449  97.5567 0004302 350.8244  85.4133 15.17118511    13
0 CONNECTA IOT-5
1 62703U 25009CY  26269.73485131  .00001522  00000-0  14666-3 0  9997
2 62703  97.6956 346.3635 0003739  86.9880 273.1769 14.94379459 92532
0 PAUSAT-1
1 62653U 25009AW  26269.82473869  .00003357  00000-0  14067-3 0  9999
2 62653  97.3891 348.0288 0001405  33.1012 327.0313 15.24207118 94265
0 FOSSASAT2E19 (TAT-E)
1 62676U 25009BV  26269.72672983  .00002365  00000-0  10786-3 0  9993
2 62676  97.3892 346.1809 0004827   2.0059 358.1196 15.21600984 94131
0 GESAT GEN 1
1 62612U 25009D   26269.76411978  .00008028  00000-0  27850-3 0  9994
2 62612  97.3967 351.2941 0001133  87.4621 272.6750 15.30062945 94446
FGN-100-D1
1 98687C 25009AY  25014.84044280 -.00019460  00000+0 -99700-3 0    08
2 98687  97.4431  97.5453 0005248   2.3104   3.4723 15.16661346    19
0 IRIDE-MS2-HEO-1
1 62697U 25009CS  26269.85856360  .00001037  00000-0  10077-3 0  9991
2 62697  97.6970 346.2571 0003241  52.3903 307.7611 14.94694107 92528
0 CENTAURI-7
1 62708U 25009DD  26269.78738599  .00002738  00000-0  23458-3 0  9995
2 62708  97.7050 348.7763 0001385 108.9520 251.1853 14.98368147 92673
0 CONNECTA IOT-8
1 62695U 25009CQ  26269.75535152  .00001747  00000-0  17168-3 0  9997
2 62695  97.7005 345.5544 0003473  46.7154 313.4355 14.93414663 92457
HCT-SAT1
1 98704C 25009F   25014.83534905  .00068746  00000+0  35684-2 0    04
2 98704  97.4375  97.5434 0007807 358.9793 339.0183 15.16156833    10
0 FOSSASAT2E18 (TAT-A)
1 62686U 25009CF  26269.75569565  .00002068  00000-0  95020-4 0  9993
2 62686  97.3903 346.2724 0005589 357.0381   3.0821 15.21485832 94133
0 ION SCV-014
1 62630U 25009X   26269.74541318  .00001718  00000-0  12368-3 0  9991
2 62630  97.4766 339.8240 0005614 141.2523 218.9107 15.05483832 93268
0 FLOCK 4G 24
1 62637U 25009AE  26269.79170987  .00009785  00000-0  32295-3 0  9996
2 62637  97.3973 351.7781 0001598 299.5919  60.5163 15.31616306 94470
0 SKYBEE-A01
1 62671U 25009BQ  26269.84491836  .00002069  00000-0  95260-4 0  9999
2 62671  97.3920 346.6162 0004791 356.6411   3.4791 15.21414399151795
TES-22
1 98666C 25009L   25014.83574604 -.00010467  00000+0 -52001-3 0    03
2 98666  97.4423  97.5417 0001532  57.4927 282.6581 15.17748918    18
FUSION-1
1 98681C 25009BJ  25014.84271711 -.00020443  00000+0 -10190-2 0    01
2 98681  97.4418  97.5469 0001296 323.0292  55.1664 15.17636624    15
0 INNOCUBE (TUBSAT-31)
1 62616U 25009H   26269.78048843  .00006664  00000-0  24862-3 0  9991
2 62616  97.3843 348.7565 0005065 348.8082  11.3044 15.27730418 94323
0 BRO-16
1 62654U 25009AX  26269.89804323  .00003556  00000-0  14726-3 0  9993
2 62654  97.4000 349.1344 0000899   8.9788 351.1466 15.24571352 94294
0 IMPULSE-2 MIRA
1 62673U 25009BS  26269.89641910  .00004951  00000-0  21762-3 0  9993
2 62673  97.4177 342.2111 0003959 140.2100 219.9428 15.22350505152077
0 FIREFLY-2
1 62704U 25009CZ  26269.82593877  .00001121  00000-0  11392-3 0  9993
2 62704  97.6950 345.5334 0008192  98.0448 262.1701 14.92720735 92489
0 CONNECTA IOT-7
1 62715U 25009DL  26269.75383452  .00001808  00000-0  17311-3 0  9992
2 62715  97.7011 346.6208 0001391 152.9667 207.1626 14.94405116 92513
0 ELEVATION-1
1 62677U 25009BW  26269.77353873  .00028526  00000-0  56412-3 0  9996
2 62677  97.3752 356.5348 0002269 308.8924  51.2123 15.47074299152505
0 IRIS-F3
1 62619U 25009L   26269.77590824  .00005277  00000-0  19379-3 0  9990
2 62619  97.3992 349.8849 0005160 338.2918  21.8102 15.28353749 94336
AE1D
1 98699C 25009BE  25014.84167544 -.00009434  00000+0 -48873-3 0    05
2 98699  97.4431  97.5464 0006959   6.4598   6.0504 15.16257108    19
0 RAY 1.0
1 62627U 25009U   26269.79543457  .00002522  00000-0  11600-3 0  9990
2 62627  97.3918 346.2781 0007005 282.4787  77.5665 15.21242559 94121
0 LIME
1 62648U 25009AR  26269.47687625  .00011066  00000-0  35278-3 0  9994
2 62648  97.3905 351.5312 0001861  36.5047 323.6322 15.32698273 94473
0 BALKAN-1
1 62611U 25009C   26269.74363152  .00006301  00000-0  24659-3 0  9997
2 62611  97.3857 347.7499 0005929 350.4894   9.6231 15.26160614 94240
WINNEBAGO-2
1 98664C 25009BW  25014.84558632 -.00017803  00000+0 -90784-3 0    06
2 98664  97.4430  97.5496 0004319   4.1608  29.6918 15.16831206    17
0 ICEYE-X33
1 60548U 24149CJ  26269.76636150  .00003580  00000-0  28357-3 0  9996
2 60548  97.7519 348.5211 0001313  64.8238 295.3122 15.01222863115445
0 SATGUS
1 62713U 25009DJ  26269.67257238  .00005717  00000-0  43669-3 0  9991
2 62713  97.6883 350.1159 0005148 118.4948 241.6795 15.02340809 92792
0 ORBASTRO-PC-1
1 58258U 23174C   26269.93482175  .00025696  00000-0  40563-3 0  9998
2 58258  97.3746 358.5032 0006646 143.2583 216.9127 15.53473755161247
0 LEMUR 2 ROCINANTE
1 59147U 24043BB  26024.87567953  .04062886  24694-5  25479-2 0  9996
2 59147  97.4905 173.6716 0011273 298.4507  61.5644 16.17664757106061
0 CENTISPACE-1 S12
1 62581U 25007G   26269.82413082 -.00000065  00000-0  71670-4 0  9996
2 62581  54.9769 295.9115 0014283 333.5624  26.4603 13.80622732 88775
0 CENTISPACE-1 S7
1 62576U 25007B   26269.81705566 -.00000070  00000-0  66611-4 0  9995
2 62576  54.9764 296.5446 0010609 265.0584  94.9161 13.80624524 88758
POQUITO
1 98706U 25009BY  25021.90669764  .00000000  00000-0 -14212-2 0    09
2 98706  97.4429 104.2661 0003354 352.9277  63.3351 15.17186318    09
PROMETHEUS-1
1 98705U 25009BY  25021.90669764  .00000000  00000-0 -14212-2 0    08
2 98705  97.4429 104.2661 0003354 352.9277  63.3351 15.17186318    08
Sedna-2
1 98661U 25009BY  25021.90669764  .00000000  00000-0 -14212-2 0    09
2 98661  97.4429 104.2661 0003354 352.9277  63.3351 15.17186318    09
SKYLINK-1
1 98657U 25009BY  25021.90669764  .00000000  00000-0 -14212-2 0    04
2 98657  97.4429 104.2661 0003354 352.9277  63.3351 15.17186318    04
SKYLINK-2
1 98656U 25000XX  25023.57810304  .00004178  00000-0 -29254-4 0  9998
2 98656  97.4594 106.1273 0002517 218.8660 320.9107 15.16419471 59106
0 CENTISPACE-1 S9
1 62578U 25007D   26269.83159767 -.00000076  00000-0  61126-4 0  9997
2 62578  54.9824 296.8494 0009465 276.7228  83.2651 13.80623645 88753
0 CENTISPACE-1 S10
1 62579U 25007E   26269.85308244 -.00000060  00000-0  76119-4 0  9997
2 62579  54.9889 296.0067 0009523 298.8461  61.1539 13.80625495 88779
0 CENTISPACE-1 S13
1 62582U 25007H   26269.88193994 -.00000069  00000-0  67534-4 0  9998
2 62582  54.9807 295.8529 0009217 288.3137  71.6816 13.80627237 88777
0 CENTISPACE-1 S16
1 62585U 25007L   26269.84221124 -.00000049  00000-0  86776-4 0  9991
2 62585  54.9881 295.8839 0010601 290.6518  69.3301 13.80535064 88751
Unknown 99695
1 99695U 22795A   24210.87969498 0.00002750  00000-0  31027-3 0    05
2 99695  98.3105  77.0130 0010041  92.1123 267.8876 14.86599274    07
0 CENTISPACE-1 S1
1 43636U 18075A   26269.87935105  .00000310  00000-0  73609-4 0  9999
2 43636  97.8699 288.5487 0009149 152.7427 207.4256 14.60076932425392
0 HAIYANG 4A
1 61936U 24208A   26269.99838069  .00000311  00000-0  55823-4 0  9990
2 61936  98.0072 276.3779 0001360 116.9038 243.2309 14.73295246100436
0 SDX01
1 62459U 24253A   26269.86483715  .00426146  87272-4  88134-3 0  9999
2 62459  54.9910 220.4146 0006507  94.5090 265.6708 15.98679274 98616
0 OTTER
1 62623U 25009Q   26269.72612282  .00009072  00000-0  30024-3 0  9990
2 62623  97.3977 351.5889 0003304 323.3551  36.7464 15.31549621 94453
0 BLUEBON
1 62688U 25009CH  26269.72156832  .00007590  00000-0  24734-3 0  9999
2 62688  97.3936 352.5772 0001407  36.2363 323.8974 15.32108655 94516
0 FOSSASAT2E20 (TAT-O)
1 63003U 25009DN  26269.73131091  .00011636  00000-0  37863-3 0  9995
2 63003  97.3089 344.1544 0002095   0.2189 359.9053 15.32024637152040
0 BRO-16
1 62654U 25009AX  26269.89804323  .00003556  00000-0  14726-3 0  9993
2 62654  97.4000 349.1344 0000899   8.9788 351.1466 15.24571352 94294
0 TOMORROW-S3
1 62392U 24247R   26269.91403947  .00006898  00000-0  24127-3 0  9993
2 62392  44.9995  96.0026 0003646 218.8365 141.2257 15.30246243 98536
0 ICEYE-X47
1 62389U 24247N   26267.14188567  .00002086  00000-0  12716-3 0  9996
2 62389  44.9976 188.2002 0000928  91.6842 268.4142 15.13934046 97176
0 TOMORROW-S4
1 62386U 24247K   26268.89845769  .00006330  00000-0  22198-3 0  9991
2 62386  44.9786 101.3263 0005119 253.7766 106.2554 15.30283244 98375
0 ICEYE-X49
1 62384U 24247H   26267.17695094  .00003572  00000-0  21016-3 0  9996
2 62384  45.0020 188.5673 0001696 260.3354  99.7333 15.13516865 97178
0 HAWK-11A
1 62382U 24247F   26269.89612366  .00006228  00000-0  21061-3 0  9997
2 62382  44.9927  90.2993 0001466 107.6846 252.4199 15.31501593 98595
0 HAWK-11C
1 62381U 24247E   26269.24377739  .00007764  00000-0  26005-3 0  9996
2 62381  45.0004  94.6278 0001929  95.2861 264.8244 15.31499380 98496
0 HAWK-11B
1 62379U 24247C   26269.89650482  .00006005  00000-0  20344-3 0  9990
2 62379  45.0147  91.7930 0001513 137.9285 222.1716 15.31501740 98593
0 GLOBAL-31
1 63027U 25033B   26269.54991833  .00010750  00000-0  29033-3 0  9991
2 63027  58.9963 266.4892 0014098 114.1343 246.1209 15.38239428 89923
0 ICEYE-X43
1 60539U 24149BZ  26269.56823531  .00002816  00000-0  23042-3 0  9992
2 60539  97.6743 345.1184 0010792  66.0063 294.2289 15.00093599115315
0 ICEYE-X7
1 46496U 20068L   26269.93623253  .00009147  00000-0  28585-3 0  9995
2 46496  97.7611 241.2967 0006417 343.0002  17.1024 15.33392724330373
0 SJ-20
1 44910U 19097A   26269.13010225  .00000155  00000-0  00000+0 0  9993
2 44910   5.1708  73.7608 0002966 164.6653 213.6412  1.00268012 24719
0 KORSAT-2
1 62377U 24247A   26269.70980396  .00002688  00000-0  23815-3 0  9997
2 62377  45.4098 261.5023 0001197 357.7174   2.3699 14.98824196 96790
0 EZIE-A
1 63247U 25052AP  26269.66710454  .00002941  00000-0  25428-3 0  9994
2 63247  97.6758 160.1767 0001709 176.9088 183.2145 14.97960119 83855
0 EZIE-B
1 63250U 25052AS  26269.66333904  .00004211  00000-0  36247-3 0  9992
2 63250  97.6768 160.2282 0002600 177.9000 182.2234 14.97896472 83857
0 EZIE-C
1 63249U 25052AR  26269.93238520  .00002978  00000-0  25757-3 0  9990
2 63249  97.6738 160.2945 0001295 200.4935 159.6236 14.97929503 83892
0 SOAP
1 63263U 25052BF  26269.95820670  .00002020  00000-0  17960-3 0  9996
2 63263  97.6696 160.4626 0002474  27.7710 332.3644 14.97207840 83919
0 DROID.002
1 63223U 25052P   26269.69605807  .00005591  00000-0  23615-3 0  9996
2 63223  97.3777 160.9250 0005331 122.6942 237.4810 15.23642149 85329
FIRESAT0
1 98629C 25052AV  25074.37845660 -.00064114  00000+0 -63976-2 0    08
2 98629  97.7513 329.5442 0001490 243.0693  67.3673 14.91664457    18
0 ARVAKER-1
1 63252U 25052AU  26269.70202403  .00001953  00000-0  18432-3 0  9994
2 63252  97.6717 158.7558 0001193 209.0029 151.1126 14.94881292 83772
0 IOD1_STARTICAL
1 63212U 25052C   26269.67689377  .00253383  00000-0  17221-2 0  9995
2 63212  97.3646 175.5028 0008718 110.2834 249.9368 15.74151217 86326
0 AEROCUBE 18B
1 63222U 25052N   26269.64116684  .00006589  00000-0  26408-3 0  9991
2 63222  97.3820 161.7734 0005979 119.9041 240.2791 15.25344766 85359
0 AEROCUBE 18A
1 63220U 25052L   26269.66963603  .00006529  00000-0  26089-3 0  9991
2 63220  97.3813 161.8252 0005567 114.6746 245.5073 15.25446456 85363
0 CLARITY-1
1 63227U 25052T   26161.15767168  .09211707  26169-5  12257-3 0  9997
2 63227  97.3825  82.7091 0009598 247.2263 112.8028 16.48960409 70590
0 BUCCANEER MM
1 63245U 25052AM  26269.90844178  .00002917  00000-0  27116-3 0  9999
2 63245  97.6704 158.7839 0002636 213.6423 146.4631 14.95112495 83797
0 OTP-2
1 63235U 25052AB  26269.69600369  .00006657  00000-0  26805-3 0  9995
2 63235  97.3710 160.6131 0006775 149.4138 210.7496 15.25177195 85332
0 M-SEL
1 63231U 25052X   26269.65130504  .00008713  00000-0  32611-3 0  9993
2 63231  97.3768 162.0907 0005815 134.5985 225.5730 15.27525492 85409
0 OBJECT Y
1 63232U 25052Y   26269.67637419  .00005922  00000-0  24019-3 0  9995
2 63232  97.3796 161.2654 0006712 137.5844 222.5913 15.24983048 85339
0 ION SCV-017
1 63230U 25052W   26269.66177801  .00004453  00000-0  16208-3 0  9995
2 63230  97.3761 163.9335 0023073  53.5291 306.8070 15.28494201 85530
0 ALMUNTHER
1 63240U 25052AG  26269.64974081  .00017507  00000-0  51916-3 0  9998
2 63240  97.3731 164.3148 0007449 133.2003 226.9864 15.34867231 85561
0 OBJECT BC
1 63260U 25052BC  26269.69988510  .00001421  00000-0  13540-3 0  9996
2 63260  97.6684 158.9159 0002114  40.6437 319.4942 14.94915885 83792
0 OBJECT AD
1 63237U 25052AD  26269.69905960  .00016954  00000-0  50455-3 0  9991
2 63237  97.3790 164.9527 0007443 126.7352 233.4576 15.34762023 85585
0 OBJECT AE
1 63238U 25052AE  26269.69677514  .00016613  00000-0  50034-3 0  9998
2 63238  97.3794 164.8179 0007352 128.3123 231.8782 15.34387911 85574
0 OBJECT AF
1 63239U 25052AF  26269.64063974  .00016979  00000-0  51147-3 0  9994
2 63239  97.3790 164.7361 0007487 126.5258 233.6675 15.34375970 85563
0 OBJECT F
1 63215U 25052F   26269.64452443  .00020407  00000-0  55302-3 0  9999
2 63215  97.3757 166.2649 0004559  99.1436 261.0325 15.37669979 85684
0 OBJECT E
1 63214U 25052E   26269.69504695  .00019723  00000-0  53406-3 0  9992
2 63214  97.3753 166.3308 0004637  98.2025 261.9746 15.37701362 85693
0 OBJECT D
1 63213U 25052D   26269.66129581  .00020903  00000-0  56159-3 0  9995
2 63213  97.3754 166.3817 0004722  97.4483 262.7299 15.37933257 85694
0 OBJECT J
1 63218U 25052J   26269.70298291  .00019382  00000-0  53533-3 0  9992
2 63218  97.3730 165.8554 0004437 106.9031 253.2700 15.37090233 85671
0 OBJECT K
1 63219U 25052K   26269.64721643  .00019754  00000-0  54670-3 0  9994
2 63219  97.3724 165.7659 0004699 107.8492 252.3265 15.37023614 85665
0 OBJECT H
1 63217U 25052H   26269.64771457  .00019389  00000-0  53694-3 0  9999
2 63217  97.3725 165.7619 0004662 107.1355 253.0400 15.37007435 85663
0 OBJECT B
1 63211U 25052B   26269.69553441  .00023426  00000-0  59328-3 0  9996
2 63211  97.3834 167.6955 0005101  88.8281 271.3549 15.39724739 85745
0 ORBASTRO-TR5
1 63236U 25052AC  26269.64679776  .00004572  00000-0  19853-3 0  9998
2 63236  97.3680 159.4355 0004775 138.0201 222.1403 15.22800363 85259
0 JINJUSAT-1B
1 63210U 25052A   26269.71125425  .00017815  00000-0  50295-3 0  9994
2 63210  97.3857 166.7364 0005286  84.5002 275.6845 15.36422059 85676
0 UVSQ-SAT NG
1 63251U 25052AT  26269.68804999  .00001664  00000-0  15429-3 0  9990
2 63251  97.6693 159.1074 0001499 232.1233 127.9853 14.95769714 83802
0 BOTSAT-1
1 63216U 25052G   26269.67031982  .00009089  00000-0  32893-3 0  9997
2 63216  97.3740 162.5430 0004047 107.2633 252.9050 15.28629863 85453
0 OBJECT B
1 62726U 25012B   26269.80142168  .00004013  00000-0  17877-3 0  9999
2 62726  97.4147 341.4406 0007232 281.9434  78.0991 15.21988883 93700
0 HERMES-1
1 63242U 25052AJ  26269.66859998  .00004356  00000-0  19168-3 0  9992
2 63242  97.3740 159.4249 0007044 173.8352 186.2972 15.22363969 85236
0 HERMES-2
1 63243U 25052AK  26269.64609789  .00007516  00000-0  24653-3 0  9998
2 63243  97.3745 164.0840 0006196 106.1545 254.0379 15.31886604 85546
0 OBJECT G
1 62615U 25009G   26269.76223153  .00005638  00000-0  21631-3 0  9998
2 62615  97.3881 348.6424 0005284 344.0192  16.0879 15.26868725 94296
0 GARAI-A
1 62635U 25009AC  26269.83313024  .00004991  00000-0  24374-3 0  9993
2 62635  97.3882 347.3579 0001784  18.2049 341.9249 15.18705969 94201
0 ICEYE-X45
1 62705U 25009DA  26269.80279325  .00007276  00000-0  57690-3 0  9999
2 62705  97.8599 357.4443 0000981  92.9326 267.2010 15.00844161 92928
0 KINEIS-4E
1 63300U 25056A   26269.91911361  .00001207  00000-0  19850-3 0  9992
2 63300  97.9153  31.0591 0001935 152.7972 207.3338 14.72334314 82095
0 KINEIS-4C
1 63301U 25056B   26269.93202583  .00001215  00000-0  19994-3 0  9992
2 63301  97.9207  31.3678 0003585  19.5281 340.6063 14.72303008 82105
0 KINEIS-4D
1 63302U 25056C   26269.93598257  .00001232  00000-0  20223-3 0  9995
2 63302  97.9128  31.2717 0002894  39.3012 320.8405 14.72379654 82105
0 KINEIS-4A
1 63303U 25056D   26269.90258771  .00001255  00000-0  20625-3 0  9998
2 63303  97.9222  31.2772 0001135  14.3875 345.7365 14.72311827 82096
0 KINEIS-4B
1 63304U 25056E   26269.88523310  .00001220  00000-0  20059-3 0  9993
2 63304  97.9234  31.3284 0004881 345.1163  14.9900 14.72311002 82089
0 HERMES-6
1 63489U 25052BK  26269.93906561  .00004400  00000-0  18435-3 0  9990
2 63489  97.3847 160.9457 0006562 156.4644 203.6894 15.24030627 85321
0 HERMES-5
1 63834U 25052BQ  26269.65633921  .00006693  00000-0  23148-3 0  9993
2 63834  97.3826 163.4788 0005149 129.4559 230.7138 15.30217990 85466
0 HERMES 4
1 63833U 25052BP  26269.64058260  .00010129  00000-0  32764-3 0  9991
2 63833  97.3735 163.0045 0002644 158.7489 201.3863 15.32254467 85472
0 HERMES-3
1 63835U 25052BR  26269.80135041  .00019200  00000-0  52751-3 0  9991
2 63835  97.3704 165.4576 0007895 117.3607 242.8442 15.37236137 85653
0 OBJECT H
1 63298U 25055H   26269.91132731  .00065571  00000-0  12526-2 0  9999
2 63298  97.6652  61.6285 0004269 141.0185 219.1373 15.47883084 85135
0 YUNHAI 1-02
1 44547U 19063A   26269.88963257  .00000171  00000-0  78576-4 0  9992
2 44547  98.4146 277.3899 0005436 209.3125 150.7755 14.32604030366438
0 LIZZIESAT-3 (LS-3)
1 63233U 25052Z   26269.65930360  .00004795  00000-0  20952-3 0  9994
2 63233  97.3757 159.6793 0006480 149.5148 210.6467 15.22550514 85242
CSO 2
1 47305U 20104A   26228.07801686 0.00000000  00000-0  00000-0 0    05
2 47305  97.3522 167.8652 0002125  70.0965 289.9033 15.26904832    05
0 LYRA-1
1 62664U 25009BH  26269.73637020  .00008077  00000-0  37351-3 0  9997
2 62664  97.3901 342.2547 0008443 188.4861 171.6233 15.20385062 93846
0 LEMUR 2 STAR-FOX
1 62696U 25009CR  26269.74584024  .00006799  00000-0  50050-3 0  9998
2 62696  97.6890 350.6539 0003800 109.8296 250.3339 15.03679027 92812
0 KINEIS-2E
1 62931U 25028D   26269.69935057  .00000940  00000-0  13979-3 0  9992
2 62931  97.8854 319.1327 0001360 120.0421 240.0925 14.77229913 87765
0 TIGER-7
1 59141U 24043AV  26269.88994678  .00011481  00000-0  20011-3 0  9999
2 59141  97.5595  65.6842 0006577 141.7577 218.4142 15.50886858143723
0 BIOMASS
1 63772U 25090A   26269.49422351  .00000920  00000-0  17078-3 0  9993
2 63772  98.0757  95.3574 0001429  85.6127 274.5241 14.67534915 75542
0 ASTEX 1
1 05560U 71089A   26269.80016665  .00000329  00000-0  83401-4 0  9992
2 05560  92.7121 216.6294 0017454 120.3911 239.9023 14.50917345891463
IGS Radar 7
1 55329U 23012A   26238.88242450 0.00000000  00000-0  00000-0 0    09
2 55329  97.3646 316.2833 0002042  18.7175 341.2823 15.25980876    08
0 KINEIS-2C
1 62929U 25028B   26269.70653595  .00001054  00000-0  16975-3 0  9991
2 62929  98.1141 324.1729 0002596 319.0002  41.1010 14.73587046 87567
0 ICEYE-X41
1 62700U 25009CV  26269.80167740  .00002057  00000-0  18258-3 0  9990
2 62700  97.7005 347.8479 0002434  61.9132 298.2336 14.97265110 92619
0 ICEYE-X2
1 43800U 18099AU  26269.96625762  .00005934  00000-0  28710-3 0  9992
2 43800  97.4251 322.0283 0008678 313.2531  46.7979 15.18931326428265
0 OBJECT B
1 64049U 25103B   26269.93921088  .00003364  00000-0  15776-3 0  9994
2 64049  97.3708 339.5681 0002385 148.1590 211.9790 15.20340827 75520
0 OBJECT C
1 64050U 25103C   26269.93843315  .00002972  00000-0  13969-3 0  9998
2 64050  97.3659 339.2724 0003158 140.4462 219.7005 15.20348359 75527
0 HONGYAN 1
1 43914U 18112F   26269.97365487 -.00000135  00000-0 -10276-4 0  9999
2 43914  50.0058 222.6253 0006609 207.4343 152.6187 13.43824959380220
0 KINEIS-5B
1 62085U 24219E   26269.90700144  .00000814  00000-0  11857-3 0  9997
2 62085  98.0176  73.2345 0000984 345.2856  14.8326 14.78506483 99033
0 KINEIS-2A
1 62932U 25028E   26269.68355572  .00000974  00000-0  15755-3 0  9991
2 62932  98.1199 325.2094 0004387 186.7700 173.3450 14.73587445 87553
0 KINEIS-2B
1 62934U 25028G   26269.72896238  .00000905  00000-0  14654-3 0  9998
2 62934  97.9567 320.7084 0003772 165.1195 195.0125 14.73589806 87616
0 ICEYE-X42
1 62698U 25009CT  26269.89065467  .00001713  00000-0  17516-3 0  9992
2 62698  97.7411 346.3577 0001441 106.3171 253.8206 14.91854036 92453
0 YAM-8
1 63254U 25052AW  26268.38717211  .00003898  00000-0  24926-3 0  9992
2 63254  97.6825 170.3073 0003108 129.2688 230.8817 15.09207399 84396
0 LYNK TOWER 6
1 59123U 24043AB  26269.66923409  .00005150  00000-0  16886-3 0  9990
2 59123  97.5745  48.7625 0008614 240.2894 119.7490 15.32063691142564
0 MBZ-SAT
1 62626U 25009T   26269.75778969  .00001273  00000-0  66233-4 0  9998
2 62626  97.3897 345.6906 0004079   1.3282 358.7962 15.17805294 94090
0 GCOM W1
1 38337U 12025A   26269.79922481  .00000339  00000-0  85324-4 0  9992
2 38337  98.2086 208.8374 0001648  82.2773 331.1564 14.57107694763833
0 GOSAT (IBUKI)
1 33492U 09002A   26269.79805936  .00000461  00000-0  89727-4 0  9992
2 33492  98.0970  19.6450 0001596  90.5897 269.5490 14.67537479946366
0 DUBAISAT 1
1 35682U 09041B   26269.62841731  .00000713  00000-0  11282-3 0  9993
2 35682  98.0197  41.8664 0011673 103.8838 256.3670 14.75266320920059
0 ZHANGHENG 1-02
1 64393U 25128A   26269.56467523 -.00000076  00000-0 -35544-6 0  9998
2 64393  97.3719  34.0848 0007097 101.7508 258.4524 15.21128986 71343
0 IRIDE-MS2-HEO-9
1 64585U 25135BK  26269.90205172  .00001252  00000-0  12910-3 0  9991
2 64585  97.7848  23.1260 0001974  68.7794 291.3636 14.91974226 69065
TIME FLIES
1 98572C 25135AS  25174.98816526 -.00072855  00000+0 -73653-2 0    08
2 98572  97.7468 289.3924 0002863  69.1167 224.8320 14.91142843    19
0 SATORO-T3
1 64589U 25135BP  26269.86287614  .00003054  00000-0  28619-3 0  9996
2 64589  97.7802  23.4242 0004682  11.0690 349.0633 14.94771990 69094
0 SKYBEE-A02
1 64544U 25135S   26269.82298385  .00002461  00000-0  11566-3 0  9994
2 64544  97.4825  23.7905 0002870 126.4694 233.6806 15.20545852 70276
0 BRO-18
1 64550U 25135Y   26269.93764236  .00003565  00000-0  15629-3 0  9996
2 64550  97.4720  24.2679 0000846 132.3977 227.7331 15.22640460 70351
0 PADRE
1 64559U 25135AH  26269.57257519  .00001192  00000-0  12090-3 0  9999
2 64559  97.7806  21.9904 0000587 327.6977  32.4207 14.92756760 68979
0 IRIDE-MS2-HEO-8
1 64587U 25135BM  26269.94693762  .00001520  00000-0  15554-3 0  9998
2 64587  97.7824  23.1011 0001946  67.7567 292.3858 14.91977595 69071
0 IRIDE-MS2-HEO-6
1 64576U 25135BA  26269.91255428  .00001329  00000-0  13674-3 0  9994
2 64576  97.7813  22.7635 0001792  63.5205 296.6197 14.91968015 69054
0 IRIDE-MS2-HEO-5
1 64571U 25135AV  26269.93541515  .00001647  00000-0  16809-3 0  9992
2 64571  97.7814  22.7623 0001743  62.1629 297.9766 14.91985642 69059
0 IRIDE-MS2-HEO-4
1 64582U 25135BG  26269.92425814  .00001521  00000-0  15568-3 0  9998
2 64582  97.7814  22.9199 0001761  58.4846 301.6544 14.91980511 69068
0 IRIDE-MS2-HEO-3
1 64568U 25135AS  26269.89127970  .00001330  00000-0  13690-3 0  9992
2 64568  97.7818  22.6942 0001245  79.6785 280.4574 14.91966644 69049
0 IRIDE-MS2-HEO-2
1 64569U 25135AT  26269.94376012  .00001715  00000-0  16639-3 0  9995
2 64569  97.7840  23.2085 0002465  51.8729 308.2713 14.93964403 69075
0 YAM-10
1 64580U 25135BE  26269.75219801  .00001383  00000-0  14178-3 0  9996
2 64580  97.7816  22.2572 0003748  38.3577 321.7908 14.92054032 69003
0 OBJECT BQ
1 64590U 25135BQ  26269.77960066  .00001217  00000-0  11850-3 0  9995
2 64590  97.7805  23.2218 0005344   9.5842 350.5479 14.94338359 69078
0 LEMUR 2 HUBBLE-5
1 64840U 25135BT  26269.54071399  .00001540  00000-0  14836-3 0  9996
2 64840  97.7802  23.0800 0005648  16.7974 343.3432 14.94388609 69040
0 LEMUR 2 HUBBLE-4
1 64565U 25135AP  26268.08723174  .00001031  00000-0  10271-3 0  9997
2 64565  97.7777  20.8860 0001723 353.2900   6.8296 14.93757386 68784
0 USPWSA-DRAGOON
1 64542U 25135Q   26269.77048671  .00008739  00000-0  32718-3 0  9993
2 64542  97.4798  26.0268 0003311 154.1299 206.0106 15.27531778 70424
0 FORGESTAR-1
1 64546U 25135U   26269.28805842  .00010756  00000-0  42383-3 0  9995
2 64546  97.4781  24.8629 0001620 121.6682 238.4715 15.25772661 70312
0 ION SCV-018
1 64575U 25135AZ  26269.77414078  .00000336  00000-0  36193-4 0  9994
2 64575  97.7870  24.0076 0011590 319.1647  40.8704 14.94796691 69108
0 ION SCV-020
1 64545U 25135T   26269.77791660  .00002730  00000-0  13087-3 0  9992
2 64545  97.4703  23.5567 0008429 148.5997 211.5743 15.19733032 70273
0 ARCSTONE
1 64540U 25135N   26269.78549147  .00017109  00000-0  48915-3 0  9993
2 64540  97.4712  28.4480 0002918 168.5794 191.5516 15.36046526 70617
0 FOSSASAT2E21
1 64536U 25135J   26269.77647404  .00002383  00000-0  11250-3 0  9992
2 64536  97.4732  23.0974 0004193 170.3940 189.7376 15.20420271 70253
0 OTTER PUP 2
1 64537U 25135K   26261.58387165  .00000290  00000-0  15112-4 0  9996
2 64537  97.4797  16.7241 0002841 177.8084 182.3166 15.23560166 69097
0 SATMAR
1 64551U 25135Z   26269.32220522  .00008028  00000-0  31278-3 0  9992
2 64551  97.4713  24.8728 0000418 131.0073 229.1202 15.26240033 70341
0 TPA-1
1 64533U 25135F   26269.58583913  .00003513  00000-0  15496-3 0  9994
2 64533  97.4788  23.8522 0005080 177.1945 182.9321 15.22431533 70276
0 HYPERFIELD-1B
1 64552U 25135AA  26269.92102811  .00003761  00000-0  16283-3 0  9997
2 64552  97.4770  24.6666 0000841  57.1579 302.9739 15.23033675 70369
0 UND ROADS 2
1 64549U 25135X   26269.79734615  .00006113  00000-0  24841-3 0  9994
2 64549  97.4884  25.8277 0002749  99.6653 260.4895 15.24924873 70399
0 UND ROADS 1
1 64535U 25135H   26269.31933180  .00006291  00000-0  26678-3 0  9992
2 64535  97.4767  23.8312 0004527 166.2435 193.8926 15.23466617 70252
0 OBJECT AC
1 64554U 25135AC  26269.57086128  .00022525  00000-0  67900-3 0  9993
2 64554  97.4729  27.6034 0000901 326.4387  33.6798 15.34323999 70538
0 DUTHSAT-2
1 64530U 25135C   26269.56718086  .00013607  00000-0  48299-3 0  9992
2 64530  97.4711  25.6489 0004736 176.2511 183.8765 15.29160536 70414
0 HUBBLE 6
1 64562U 25135AL  26269.54436607  .00001644  00000-0  16073-3 0  9994
2 64562  97.7834  22.6668 0001702  99.6451 260.4961 14.93715160 69007
0 HUBBLE 7
1 64592U 25135BS  26269.77880074  .00001185  00000-0  11722-3 0  9999
2 64592  97.7839  23.4251 0003234  34.6558 325.4872 14.93754605 69078
0 CONNECTA IOT-9
1 64534U 25135G   26269.54610922  .00008052  00000-0  36815-3 0  9993
2 64534  97.4848  23.5934 0005458 164.5908 195.5495 15.20802615 70224
0 CONNECTA IOT-10
1 64555U 25135AD  26269.75436454  .00006773  00000-0  30658-3 0  9992
2 64555  97.4775  23.9134 0000897  48.8945 311.2367 15.21219243 70291
0 CONNECTA IOT-11
1 64557U 25135AF  26269.03883083  .00004945  00000-0  22406-3 0  9990
2 64557  97.4800  23.5351 0001893  47.2233 312.9161 15.21320349 70198
0 CONNECTA IOT-12
1 64553U 25135AB  26269.80156429  .00007852  00000-0  35486-3 0  9990
2 64553  97.4837  24.5225 0002164  70.8809 289.2661 15.21218994 70315
0 OBJECT D
1 64531U 25135D   26269.75545791  .00010383  00000-0  38142-3 0  9999
2 64531  97.4810  26.1194 0004672 155.1257 205.0208 15.28101679 70428
0 OBJECT AJ
1 64560U 25135AJ  26269.60652762  .00005088  00000-0  45467-3 0  9996
2 64560  97.7827  23.5829 0001053  87.8771 272.2571 14.96348873 69070
0 DUTHSAT-2
1 64530U 25135C   26269.56718086  .00013607  00000-0  48299-3 0  9992
2 64530  97.4711  25.6489 0004736 176.2511 183.8765 15.29160536 70414
0 MSAT M1
1 23846U 96022A   26268.18660906 -.00000186  00000-0  00000-0 0  9998
2 23846  12.5907  27.6111 0024485 200.7362 157.8491  0.98646856111066
0 SYRACUSE 3B
1 29273U 06033B   26269.59987316  .00000038  00000-0  00000-0 0  9999
2 29273   3.1647  78.8778 0000387 153.7664 241.8171  0.98625057 73669
0 WILDFIRE 9
1 57765U 23133J   26269.45698077  .00000045  00000-0  29852-4 0  9992
2 57765  80.9998 270.7762 0007189 100.1657 260.0310 13.85451380155046
0 WILDFIRE 10
1 57766U 23133K   26269.49972596  .00000042  00000-0  26817-4 0  9993
2 57766  80.9951 270.2119 0006804  91.3385 268.8551 13.85676718155079
0 WILDFIRE 1
1 57764U 23133H   26269.69524822  .00000094  00000-0  72189-4 0  9998
2 57764  80.9957 269.4666 0007627  87.9369 272.2661 13.85746317155116
0 EUCROPIS
1 43807U 18099BB  26269.69359124  .00007190  00000-0  31938-3 0  9997
2 43807  97.4115 323.9585 0003867 311.5417  48.5487 15.21835857427893
0 COSMOS 2588
1 64095U 25109A   26269.68280020  .00008349  00000-0  30223-3 0  9999
2 64095  72.9736 338.9950 0008273 204.1389 155.9420 15.28554423 75124
0 GOES 19
1 60133U 24119A   26269.82000743 -.00000244  00000-0  00000-0 0  9990
2 60133   0.0175   2.3330 0000666 257.0889 326.2336  1.00270992  7985
0 TIANQI 26
1 59910U 24102B   26269.90040089  .00000096  00000-0  15388-3 0  9991
2 59910  44.9727 168.8992 0011032   2.9488 357.1408 13.99180653119150
0 TIANQI 25
1 59909U 24102A   26269.84740133  .00000085  00000-0  14600-3 0  9993
2 59909  44.9764 169.5689 0012124 358.4500   1.6293 13.99196434119143
0 LANDSAT 8
1 39084U 13008A   26269.86219562  .00000222  00000-0  59371-4 0  9995
2 39084  98.2206 338.7376 0001299  95.1702 264.9645 14.57104914712704
0 LANDSAT 9
1 49260U 21088A   26269.75924210  .00000231  00000-0  61282-4 0  9994
2 49260  98.2187 338.6556 0001487  91.9839 268.1529 14.57103324265795
0 BIFROST-DNK
1 64588U 25135BN  26269.81866024  .00001902  00000-0  17904-3 0  9993
2 64588  97.7842  23.6326 0004744  28.2118 331.9359 14.95045944 69095
0 GLOBAL-32
1 64231U 25118B   26265.93350830  .00002531  00000-0  74850-4 0  9994
2 64231  58.9933  97.4443 0012470  78.4147 281.8328 15.38523539 73287
0 OBJECT E
1 64052U 25103E   26269.93009656  .00009894  00000-0  39052-3 0  9993
2 64052  97.3658 340.7822 0003527 149.8236 210.3206 15.25729799 75612
0 SLS DEB
1 55904U 22156D   26237.60986065  .00160405  00000-0  15251-1 0  9990
2 55904  30.3768   3.9048 1534094 198.4117 155.4353 12.19438074147921
0 AAC-AIS-SAT-1
1 55107U 23001DC  26269.94310966  .00003391  00000-0  33293-3 0  9996
2 55107  97.9128 347.2575 0008090 306.1303  53.9167 14.92843908193464
0 REAL
1 64875U 25154G   26269.67197177  .00024153  00000-0  67323-3 0  9996
2 64875  97.3933 338.3184 0001595 115.0807 245.0603 15.36769108 65612
0 UNIFORM 1
1 39767U 14029B   26269.74312898  .00001932  00000-0  17652-3 0  9994
2 39767  97.8064   6.8041 0004369 345.6199  14.4897 14.96213452669401
0 OBJECT C
1 64878U 25155C   26269.90563124  .00005095  00000-0  19827-3 0  9995
2 64878  97.4698 236.8534 0010180 176.3972 183.7342 15.26418551 96184
0 OBJECT U
1 64894U 25155U   26269.89338629  .00043469  00000-0  73042-3 0  9997
2 64894  97.4593 244.4553 0006438 139.2930 220.8804 15.51626434 96696
0 OBJECT D
1 64879U 25155D   26269.87682960  .00009269  00000-0  30303-3 0  9991
2 64879  97.4683 239.0248 0007925 160.4434 199.7113 15.31916788 96326
0 OBJECT R
1 64891U 25155R   26269.86768738  .00013609  00000-0  39259-3 0  9994
2 64891  97.4665 240.3873 0006412 157.4200 202.7327 15.35802982 96412
0 OBJECT S
1 64892U 25155S   26269.90518740  .00013139  00000-0  37669-3 0  9997
2 64892  97.4671 240.5085 0006280 156.8280 203.3248 15.36005245 96429
0 OBJECT T
1 64893U 25155T   26269.88297434  .00017666  00000-0  46384-3 0  9992
2 64893  97.4654 241.2578 0006318 153.8650 206.2915 15.38671265 96477
0 OBJECT Q
1 64890U 25155Q   26269.87651088  .00010035  00000-0  31781-3 0  9995
2 64890  97.4677 239.4632 0007725 146.6210 213.5520 15.32915519 96351
0 OBJECT E
1 64880U 25155E   26269.89964708  .00008879  00000-0  28367-3 0  9991
2 64880  97.4678 239.2956 0007853 159.4452 200.7107 15.32671124 96349
0 OBJECT F
1 64881U 25155F   26269.89849142  .00012949  00000-0  37704-3 0  9994
2 64881  97.4672 240.2442 0007543 156.4568 203.7022 15.35514600 96401
0 IONOSFERA-M 03
1 64876U 25155A   26269.88660932  .00000022  00000-0  29727-4 0  9991
2 64876  98.6162 229.2875 0000471 347.5828  12.5338 14.21500872 60850
0 IONOSFERA-M 04
1 64877U 25155B   26269.92127356  .00000030  00000-0  33377-4 0  9990
2 64877  98.6155 229.2379 0000499  70.7712 289.3520 14.21503511 60859
0 ICEYE-X57
1 64578U 25135BC  26269.93857056  .00003531  00000-0  28243-3 0  9998
2 64578  97.8235  26.8651 0001918  51.4103 308.7292 15.00863498 69287
0 ICEYE-X53
1 64584U 25135BJ  26269.89353797  .00002788  00000-0  22378-3 0  9999
2 64584  97.7309  26.1769 0001318 140.9448 219.1871 15.00890582 69336
0 YUBELEINY 2
1 38735U 12041C   26269.88167597  .00000010  00000-0  24640-5 0  9992
2 38735  82.4820  11.2626 0017376 202.9359 157.0946 12.42652340642478
0 COSMOS 2491
1 39497U 13076E   26269.95694404  .00000031  00000-0  14900-3 0  9996
2 39497  82.4808 104.7558 0012396 226.6996 133.3051 12.43498961577906
0 COSMOS 2581
1 62902U 25026A   26269.74915330  .00001129  00000-0  10054-3 0  9997
2 62902  81.9974 330.8538 0011497  81.7963 278.4560 14.95191892 89395
0 NISAR
1 65053U 25163A   26269.92221144  .00000043  00000-0  26039-4 0  9997
2 65053  98.4059  96.1124 0001235  88.0936 272.0395 14.42504227 61055
0 ICEYE-X50
1 63255U 25052AX  26269.93159060  .00001215  00000-0  11468-3 0  9995
2 63255  97.6730 159.8037 0000959 165.7694 194.3554 14.95547908 83856
0 KAZSTSAT
1 43783U 18099AB  26269.89673721  .00001610  00000-0  13356-3 0  9999
2 43783  97.4228 297.1940 0014140  69.8686 290.4059 15.00059308426556
0 OBJECT H
1 64883U 25155H   26269.90611511  .00007899  00000-0  26555-3 0  9995
2 64883  97.4699 238.9108 0007627 156.6066 203.5523 15.31071250 96312
0 OBJECT V
1 64895U 25155V   26269.90600057  .00008100  00000-0  27218-3 0  9994
2 64895  97.4704 238.9235 0007522 160.4744 199.6787 15.31074398 96305
NOSS 3-6 (P)
1 38773U 12048P   26255.11308659 0.00000000  00000-0  00000-0 0    09
2 38773  63.4244 346.8493 0317724 358.4336   1.5664 13.41054311    01
0 QUICK3
1 64558U 25135AG  26269.78817017  .00011711  00000-0  41242-3 0  9995
2 64558  97.4835  26.6831 0005470 151.6595 208.4944 15.29453462 70379
0 GAOFEN 8
1 40701U 15030A   26269.91881020  .00023943  00000-0  43692-3 0  9993
2 40701  97.6829 109.6504 0007975 176.3476 183.7834 15.49399486627188
0 COSMOS 2572
1 58435U 23182A   26269.97451200  .00297353  41252-4  44414-3 0  9991
2 58435  96.6673  12.7546 0002260 227.7870 132.3221 16.04807216164653
0 COSMOS 2583
1 62904U 25026C   26269.74917132  .00001620  00000-0  14516-3 0  9994
2 62904  81.9976 330.8549 0011494  81.9384 278.3140 14.95190855 89376
0 ICEYE-X46
1 63258U 25052BA  26269.66017638  .00001688  00000-0  15730-3 0  9992
2 63258  97.6738 159.5412 0001807  80.1200 280.0225 14.95567069 83811
0 STRIX 2
1 62406U 24248A   26269.96654649  .00005821  00000-0  36282-3 0  9992
2 62406  97.6396 225.1354 0015267 353.7090   6.3945 15.09848204 96946
0 ALSAT 2B
1 41786U 16059D   26269.97667183  .00000245  00000-0  47894-4 0  9996
2 41786  97.9800 330.2398 0000750 106.0084 254.1206 14.70973631535734
0 ICEYE-X51
1 63257U 25052AZ  26269.92840150  .00003813  00000-0  30443-3 0  9993
2 63257  97.7728 164.9280 0001889  60.2185 299.9226 15.00880526 84065
0 ICEYE-X56
1 64574U 25135AY  26269.90839981  .00002292  00000-0  20898-3 0  9999
2 64574  97.7830  24.1514 0002045  26.0296 334.1028 14.96102651 69130
0 GRUS-3ALPHA
1 64579U 25135BD  26269.94547083  .00001151  00000-0  11519-3 0  9990
2 64579  97.7853  23.1107 0003618  39.1032 321.0449 14.93342488 69062
0 ICEYE-X44
1 62707U 25009DC  26269.80186156  .00001883  00000-0  17090-3 0  9998
2 62707  97.6993 347.3146 0002167 122.3804 237.7628 14.96476108115133
0 ICEYE-X55
1 64581U 25135BF  26269.93554271  .00003169  00000-0  28983-3 0  9993
2 64581  97.7834  23.9565 0003524  36.3578 323.7882 14.95708837 69123
0 COSMOS 2576
1 59773U 24092A   26269.67130779  .00006447  00000-0  30966-3 0  9991
2 59773  97.4480  24.3168 0004538  15.0199 345.1169 15.19172640131802
0 OBJECT D
1 65262U 25180D   26269.86069913  .00003437  00000-0  18173-3 0  9994
2 65262  97.5392  36.2220 0013050 333.3205  26.7355 15.16081488 61064
0 PACE
1 58928U 24025A   26269.78622822  .00000296  00000-0  63165-4 0  9999
2 58928  98.0972 199.6067 0001108 337.0592  23.0562 14.65613365140818
0 HXMT
1 42758U 17034A   26269.67182762  .00004921  00000-0  23806-3 0  9993
2 42758  43.0156 337.6217 0030056  68.6049 291.8003 15.19224860513092
0 PUNCH-NFI00
1 63178U 25047A   26269.50708779  .00000367  00000-0  62199-4 0  9998
2 63178  97.9581  93.2310 0010807 186.0421 174.0659 14.74853760 83011
0 OBJECT A
1 65815U 25219A   26269.79375779  .00000027  00000-0  33004-4 0  9996
2 65815  98.6834 208.6103 0001489  93.4461 266.6886 14.19934300 51804
0 OBJECT A
1 58849U 24018A   26269.97908707  .00000512  00000-0  81832-4 0  9995
2 58849  58.6883 233.0193 0424551 225.2843 131.2880 14.39862723139834
0 PRSC-S1
1 65055U 25164A   26269.94032051  .00003437  00000-0  23625-3 0  9996
2 65055  41.1297  74.4257 0007628 317.1734  42.8485 15.07133744 63785
0 OBJECT B
1 66054U 25234B   26269.74186458  .00004664  00000-0  20766-3 0  9999
2 66054  97.4670 338.2408 0012418  98.6200 261.6443 15.21889728 52087
FIA Radar 3
1 39462U 13072A   26264.81713932 0.00000000  00000-0  00000-0 0    04
2 39462 123.0231 325.0790 0003212  25.9273 334.0727 13.41439416    02
0 TOMORROW-S8
1 66308U 25248R   26267.48369183  .00003030  00000-0  14580-3 0  9996
2 66308  45.3980 308.4416 0005175 242.6931 117.3429 15.21235067 49636
HAVEN-DEMO
1 98525C 25248G   25306.26405727 -.00000933  00000+0 -45446-4 0    05
2 98525  45.4034 255.8524 0000871 205.5699 170.5155 15.17646895    11
TAURUS 1
1 98524C 25248B   25306.26320194  .00027860  00000+0  12985-2 0    04
2 98524  45.4089 255.8588 0007455 201.5294 169.8646 15.19131730    17
TAURUS 2
1 98523C 25248B   25306.26320194  .00027860  00000+0  12985-2 0    03
2 98523  45.4089 255.8588 0007455 201.5294 169.8646 15.19131730    16
TAURUS 3
1 98522C 25248B   25306.26320194  .00027860  00000+0  12985-2 0    02
2 98522  45.4089 255.8588 0007455 201.5294 169.8646 15.19131730    15
TAURUS 4
1 98521C 25248B   25306.26320194  .00027860  00000+0  12985-2 0    01
2 98521  45.4089 255.8588 0007455 201.5294 169.8646 15.19131730    14
0 STARCLOUD-1
1 66303U 25248L   26269.78069496  .00003756  00000-0  17296-3 0  9992
2 66303  45.4000 294.5663 0005935 262.4834  97.5379 15.22171371 50015
0 OBJECT-B
1 65489U 25197B   26269.79866681  .00003251  00000-0  15326-3 0  9993
2 65489  97.4106  94.2611 0013999  17.8997 342.2728 15.20112193 58710
0 UNICORN-2O
1 63980U 25052BS  26046.23064614  .07374698  24226-5  45213-2 0  9996
2 63980  97.3693 306.5452 0009140 143.6049 216.5862 16.18030447 51696
0 UNICORN-2P
1 63981U 25052BT  26061.66207681  .09079400  24721-5  43819-2 0  9999
2 63981  97.3656 322.3272 0007474 166.9554 193.1930 16.21219791 54086
0 LYRA-3
1 64577U 25135BB  26269.74190630  .00001120  00000-0  17427-3 0  9998
2 64577  97.7771  10.6921 0020987  18.5034 341.6934 14.74717905 68239
0 BUZZZER-1
1 62609U 25009A   26269.76070770  .00002405  00000-0  10749-3 0  9993
2 62609  97.3856 346.2300 0007034 350.8338   9.2768 15.22265571 94141
0 LYRA-4
1 64691U 25140A   26269.73383566  .00001146  00000-0  18413-3 0  9996
2 64691  96.0102   3.7841 0011343 219.6825 140.3559 14.72708968 67006
0 OBJECT D
1 64051U 25103D   26269.98087278  .00003235  00000-0  15495-3 0  9991
2 64051  97.3739 338.7940 0002685 249.5890 110.5057 15.19636979 75454
0 OBJECT A
1 65259U 25180A   26263.78941451  .00010442  00000-0  41642-3 0  9992
2 65259  97.5302  32.9892 0011096 346.0393  14.0536 15.25328262 60352
0 MONOLITH
1 49052U 21068A   26269.68438437  .00005124  00000-0  31408-3 0  9996
2 49052  37.0238  14.8456 0003349 322.1693  37.8818 15.10004979282629
0 TIANYAN 23
1 63209U 25051B   26269.93072310  .00041799  00000-0  61363-3 0  9995
2 63209  97.4496   0.8563 0004955  87.5004 272.6817 15.55388736 86143
0 COSMIC
1 66658U 25274J   26269.75662092  .00003683  00000-0  34290-3 0  9994
2 66658  97.7488 197.8833 0013753  43.9547 316.2765 14.94834999 45409
0 OBJECT H
1 66657U 25274H   26269.74225696  .00001902  00000-0  18409-3 0  9993
2 66657  97.7491 197.6036 0013080  41.8314 318.3903 14.93878165 45383
0 OBJECT G
1 66656U 25274G   26269.77719964  .00001624  00000-0  15852-3 0  9991
2 66656  97.7492 197.5644 0014407  25.8194 334.3742 14.93722199 45383
0 OBJECT L
1 66660U 25274L   26269.78643570  .00001286  00000-0  12491-3 0  9996
2 66660  97.7498 197.8817 0015040  44.6971 315.5458 14.94272318 45407
0 OBJECT E
1 66654U 25274E   26269.76449950  .00001731  00000-0  17010-3 0  9990
2 66654  97.7493 197.4375 0013777  25.2690 334.9201 14.93391293 45378
0 OBJECT K
1 66659U 25274K   26269.74667195  .00001966  00000-0  18872-3 0  9993
2 66659  97.7495 197.7647 0014407  44.9076 315.3307 14.94154419 45397
0 E3TESTER
1 66662U 25274N   26269.74268474  .00001891  00000-0  18008-3 0  9992
2 66662  97.7497 197.9336 0015968  44.9534 315.2976 14.94508389 45404
0 INHA-ROSAT
1 66653U 25274D   26269.75344835  .00001584  00000-0  15750-3 0  9999
2 66653  97.7492 197.2907 0013174  24.5037 335.6806 14.93023429 45364
0 E3TESTER
1 66662U 25274N   26269.74268474  .00001891  00000-0  18008-3 0  9992
2 66662  97.7497 197.9336 0015968  44.9534 315.2976 14.94508389 45404
0 OBJECT M
1 66661U 25274M   26269.77280385  .00001380  00000-0  13360-3 0  9998
2 66661  97.7497 197.8881 0015722  45.6176 314.6329 14.94278789 45408
0 CAS500-3
1 66655U 25274F   26269.80059823  .00000972  00000-0  11085-3 0  9994
2 66655  97.7437 195.5241 0002754 257.1998 102.8911 14.88344923 45268
0 BEE-1000
1 66650U 25274A   26269.74708974  .00002832  00000-0  27514-3 0  9991
2 66650  97.7489 197.2970 0012355  24.6370 335.5438 14.93342701 45365
0 BEE-1000
1 66650U 25274A   26269.74708974  .00002832  00000-0  27514-3 0  9991
2 66650  97.7489 197.2970 0012355  24.6370 335.5438 14.93342701 45365
0 OBJECT M
1 66661U 25274M   26269.77280385  .00001380  00000-0  13360-3 0  9998
2 66661  97.7497 197.8881 0015722  45.6176 314.6329 14.94278789 45408
0 HYDROGNSS-1
1 66762U 25276DA  26269.74039931  .00002697  00000-0  16090-3 0  9993
2 66762  97.4114 339.2581 0012241  64.6508 295.5989 15.11919726 45698
0 LILIUM-3
1 66770U 25276DJ  26269.75478418  .00001771  00000-0  85587-4 0  9990
2 66770  97.4158 341.8115 0000461 220.1398 139.9803 15.19917219 45851
0 MERCURY ONE (M1)
1 66742U 25276CE  26269.77631092  .00003497  00000-0  16394-3 0  9996
2 66742  97.4110 341.5880 0002129  19.9941 340.1377 15.20337658 45852
TRYAD-1
1 98514C 25276W   25332.82006016 -.00014061  00000+0 -69126-3 0    00
2 98514  97.4427  44.8324 0001837 139.3929 208.7124 15.18117529    17
TRYAD-2
1 98472C 25276G   25332.81894905 -.00015115  00000+0 -77900-3 0    04
2 98472  97.4427  44.8315 0005749 353.2232 348.8171 15.16448967    19
0 IHI-SAT2
1 66772U 25276DL  26269.92178020  .00005246  00000-0  22936-3 0  9996
2 66772  97.4154 342.6064 0001367 151.0345 209.0968 15.22510530 45929
ION SCV-021
1 98507C 25276DK  25332.83867706 -.00036221  00000+0 -18257-2 0    04
2 98507  97.4442  44.8477 0001886  15.3011  74.4274 15.17249798    11
0 HYDROGNSS-2
1 66763U 25276DB  26269.90710665  .00001881  00000-0  11343-3 0  9992
2 66763  97.4112 339.3507 0011270  12.5761 347.5749 15.11900420 45716
0 PIAST-S1
1 66749U 25276CM  26269.74068248  .00005073  00000-0  23073-3 0  9991
2 66749  97.4109 341.7787 0001975  14.9759 345.1535 15.21167351 45869
0 ION-SCV-022
1 66682U 25276S   26269.78449173  .00000484  00000-0  45629-4 0  9994
2 66682  97.5185 336.8040 0005755 178.8520 181.2717 14.98051130 45280
0 OBJECT DD
1 66765U 25276DD  26269.77622791  .00009692  00000-0  38116-3 0  9996
2 66765  97.4140 343.1799 0000726 109.1894 250.9423 15.25862402 45953
0 LILIUM-2
1 66679U 25276P   26269.74107247  .00002635  00000-0  13133-3 0  9993
2 66679  97.4066 340.7254 0006470  27.4285 332.7289 15.18405653 45807
AC1-002
1 98502C 25276DH  25332.83812498 -.00039587  00000+0 -19966-2 0    03
2 98502  97.4441  44.8466 0001831  19.3111  67.4049 15.17230783    14
0 OBJECT DP
1 66775U 25276DP  26269.74881748  .00005832  00000-0  25575-3 0  9990
2 66775  97.4046 341.9841 0002621 126.0731 234.0749 15.22355921 45894
0 MICE-1
1 66684U 25276U   26269.72460816  .00003235  00000-0  15425-3 0  9994
2 66684  97.4190 341.6549 0005467  16.6654 343.4760 15.19791674 45831
0 BRO-20
1 66674U 25276J   26269.71244845  .00002376  00000-0  11783-3 0  9992
2 66674  97.4085 340.8162 0006668  24.0997 336.0548 15.18676106 45802
0 PIAST-M
1 66758U 25276CW  26269.86277538  .00004135  00000-0  18913-3 0  9993
2 66758  97.4100 341.8956 0001150  52.3062 307.8278 15.21081550 45884
CTC-1A
1 98482U          25332.82035646  .00003403  00000-0  17393-3 0 00009
2 98482 097.4475 044.8332 0007770 330.0061 019.7177 15.16670007000013
0 T-MICROSAT-1
1 66766U 25276DE  26269.89680157  .00004745  00000-0  21250-3 0  9995
2 66766  97.4081 342.0492 0001648 114.6114 245.5293 15.21730924 45905
0 HUNITY-1
1 66670U 25276E   26269.73124164  .00025302  00000-0  82152-3 0  9993
2 66670  97.3985 343.4575 0005356  23.3466 336.8018 15.31914069 46000
0 PIAST-S2
1 66757U 25276CV  26269.76172009  .00004859  00000-0  21960-3 0  9997
2 66757  97.4133 341.9951 0001090  26.6714 333.4577 15.21409688 45878
AC1-001
1 98501C 25276DB  25332.83686572 -.00037976  00000+0 -19187-2 0    09
2 98501  97.4447  44.8504 0002753  16.4894  63.3438 15.17166546    14
6GSTARLAB
1 98500C 25276Q   25332.81957058 -.00020149  00000+0 -10356-2 0    09
2 98500  97.4493  44.8302 0005240 344.1804   1.2397 15.16550460    12
0 GYEONGGISAT-1
1 66771U 25276DK  26269.77349364  .00004780  00000-0  21445-3 0  9995
2 66771  97.4152 342.2074 0000869 168.2611 191.8645 15.21671585 45887
0 BRO-17
1 66672U 25276G   26269.74471821  .00003480  00000-0  17186-3 0  9999
2 66672  97.4108 340.8623 0006983  20.6567 339.4948 15.18506977 45802
PW-6U
1 98513C 25276X   25332.82018632 -.00000922  00000+0 -45419-4 0    07
2 98513  97.4459  44.8318 0001293 154.2539 194.5339 15.18038025    16
3UCUBED-A
1 98517C 25276BN  25332.82504975  .00001682  00000+0  83855-4 0    09
2 98517  97.4423  44.8362 0000660  28.9081 346.4366 15.17617264    11
0 ANISCSAT-1
1 66671U 25276F   26269.72700056  .00008844  00000-0  37451-3 0  9997
2 66671  97.4127 342.1735 0005521  19.2573 340.8872 15.23386267 45883
CTC-1C
1 98480U 25276AS  25332.82216433 -.00022598  00000+0 -11210-2 0    02
2 98480  97.4485  44.8340 0000580 252.9749 106.6046 15.17805408    04
0 LUNA-1
1 66777U 25276DR  26269.92207650  .00008047  00000-0  33175-3 0  9992
2 66777  97.4176 343.1632 0001451 175.9918 184.1331 15.24337403 45958
VEERY-0G SPIN-2
1 98471C 25276V   25332.82003007 -.00016250  00000+0 -83956-3 0    08
2 98471  97.4429  44.8323 0006176 356.8754 351.0665 15.16360449    14
0 NAHLA
1 66764U 25276DC  26269.74954976  .00002004  00000-0  98116-4 0  9992
2 66764  97.4114 341.3446 0002563  13.3194 346.8108 15.19317934 45832
CTC-1B
1 98481U          25332.82173840  .00003584  00000-0  17687-3 0 00003
2 98481 097.4451 044.8348 0003092 295.9955 061.2772 15.17917918000016
0 BLACK KITE-1
1 66741U 25276CD  26269.73729977  .00007000  00000-0  31027-3 0  9995
2 66741  97.4163 341.9961 0005367  11.0702 349.0651 15.21911306 43162
AC1-003
1 98503C 25276CR  25332.83576965 -.00036690  00000+0 -18600-2 0    06
2 98503  97.4447  44.8487 0002976  25.2861  48.5664 15.17046294    18
0 OTTER SDM
1 66678U 25276N   26269.74159452  .00006029  00000-0  27636-3 0  9991
2 66678  97.4130 341.5586 0005795  19.6190 340.5268 15.20813073 45842
0 OBJECT XY
1 66912U 98067XY  26181.26850509  .04959706  12213-4  89989-3 0  9996
2 66912  51.6017 203.3402 0004540 328.5351  31.5400 16.31633310 32959
0 OBJECT XX
1 66911U 98067XX  26101.45822411  .06931681  12208-4  13558-2 0  9995
2 66911  51.5990 251.7761 0012204 297.7475  62.2310 16.30633237 20407
0 GRUS-1C
1 47933U 21022B   26269.93614231  .00001347  00000-0  11619-3 0  9993
2 47933  97.5182 149.5637 0011795 339.4031  20.6715 14.98838156301144
0 GRUS-1E
1 47935U 21022D   26269.93951995  .00001119  00000-0  96859-4 0  9993
2 47935  97.5225 150.9395 0009415 343.4655  16.6260 14.99067352301192
0 GRUS-1D
1 47936U 21022E   26269.94577380  .00001560  00000-0  13377-3 0  9990
2 47936  97.5205 149.8823 0010048 331.3313  28.7356 14.98879699301144
0 DUPLEX
1 66906U 98067XT  26269.80849749  .00044006  00000-0  34898-3 0  9990
2 66906  51.6232 133.3293 0004558 197.7061 162.3779 15.70819982 46583
0 FORESAIL-1 PRIME
1 66778U 25276DS  26269.43838120  .00004518  00000-0  21645-3 0  9999
2 66778  97.4117 340.8554 0003758 106.0744 254.0904 15.19424851 45776
0 KINEIS-5D
1 62082U 24219B   26269.94899852  .00000711  00000-0  11943-3 0  9995
2 62082  97.9278  66.2468 0003924 318.0411  42.0496 14.72598884 98738
USA 570
1 66992U 25291A   26267.01901226 0.00000000  00000-0  00000-0 0    08
2 66992  63.4439 259.1552 0104551 181.7877 178.1696 13.41007554    05
0 W-SERIES 4
1 64543U 25135R   26155.12839034  .19897838  22280-5  14009-3 0  9996
2 64543  97.4058 267.3464 0042699 124.9730 235.5596 16.49444068 52632
0 OBJECT A
1 66993U 25292A   26269.79332198  .00002359  00000-0  16171-3 0  9998
2 66993  97.6236 344.5196 0015108  19.3634 340.8165 15.06937837 43745
0 FORMOSAT-8A
1 66666U 25276A   26269.74337051  .00001274  00000-0  10421-3 0  9992
2 66666  97.6538 342.4638 0004439 288.3186  71.7555 15.01094058 45299
0 COSMOS 2582
1 62903U 25026B   26269.68227993  .00000890  00000-0  78787-4 0  9994
2 62903  81.9975 330.9222 0011471  82.0586 278.1935 14.95193203 89374
0 ALOS 2
1 39766U 14029A   26269.92660830  .00000974  00000-0  13731-3 0  9994
2 39766  97.9233   5.6328 0001505  94.3308 265.8075 14.79478339666622
0 THE ARAB SATELLITE 813
1 66994U 25292B   26269.76007662  .00004134  00000-0  27814-3 0  9990
2 66994  97.6254 344.6145 0014601  18.9976 341.1793 15.07201256 43743
0 SPACEMOBILE-006
1 67232U 25309A   26269.91166087  .00001749  00000-0  97854-4 0  9990
2 67232  52.9959 225.5524 0012301  86.6071 273.6330 15.18951699 42050
0 OBJECT D
1 66996U 25292D   26269.76147993  .00003038  00000-0  20923-3 0  9990
2 66996  97.6240 344.4112 0014402  21.2563 338.9260 15.06545592 43735
0 CO3D1
1 64903U 25156E   26268.92927655  .00001111  00000-0  54428-4 0  9991
2 64903  97.4341 346.0728 0001368  94.4051 265.7341 15.20205816 64832
0 OBJECT T
1 67265U 25313T   26269.75433943  .00007699  00000-0  31257-3 0  9995
2 67265  97.3854 342.9782 0013995  13.4989 346.6621 15.24781405 41426
0 OBJECT W
1 67268U 25313W   26269.78710758  .00005215  00000-0  21939-3 0  9991
2 67268  97.3868 342.8240 0014551  13.6099 346.5528 15.23731092 41415
0 OBJECT R
1 67263U 25313R   26269.74368220  .00007916  00000-0  32000-3 0  9996
2 67263  97.3874 343.0660 0013991  12.4753 347.6829 15.24915098 41425
0 OBJECT BB
1 67297U 25313BB  26269.75610163  .00009069  00000-0  34527-3 0  9997
2 67297  97.3863 343.7741 0007932  11.0712 349.0700 15.26936540 41471
0 OBJECT J
1 67256U 25313J   26269.72669882  .00007441  00000-0  30322-3 0  9992
2 67256  97.3846 342.8336 0015035  11.2550 348.9021 15.24652515 41415
0 OBJECT AT
1 67289U 25313AT  26269.79188342  .00010943  00000-0  40028-3 0  9997
2 67289  97.3854 343.9864 0008428   5.7290 354.4045 15.28201838 41493
0 OBJECT AY
1 67294U 25313AY  26269.79062549  .00008174  00000-0  31392-3 0  9990
2 67294  97.3864 343.7124 0008373   7.9807 352.1563 15.26676286 41473
0 OBJECT E
1 67252U 25313E   26269.76425098  .00006085  00000-0  24319-3 0  9993
2 67252  97.3868 343.4429 0009368 356.1070   4.0094 15.25446579 41451
0 OBJECT N
1 67260U 25313N   26269.71962444  .00005601  00000-0  23871-3 0  9993
2 67260  97.3873 342.6098 0013399  14.3451 345.8164 15.23272557 41392
0 OBJECT K
1 67257U 25313K   26269.73588419  .00007576  00000-0  30967-3 0  9994
2 67257  97.3853 342.8450 0014922  13.4758 346.6875 15.24545593 41418
0 OBJECT Y
1 67270U 25313Y   26269.74306687  .00007874  00000-0  31827-3 0  9992
2 67270  97.3862 343.0271 0013929  13.0345 347.1250 15.24920670 41428
0 OBJECT AV
1 67291U 25313AV  26269.75255693  .00012520  00000-0  45123-3 0  9994
2 67291  97.3852 344.0297 0008018   4.3360 355.7948 15.28658956 41497
0 OBJECT AR
1 67287U 25313AR  26269.86769338  .00007330  00000-0  28733-3 0  9998
2 67287  97.3857 343.5862 0009075   7.6899 352.4477 15.26026287 41479
0 OBJECT BA
1 67296U 25313BA  26269.76801828  .00008522  00000-0  32539-3 0  9991
2 67296  97.3868 343.7535 0008161   8.5127 351.6249 15.26856766 41470
0 OBJECT AW
1 67292U 25313AW  26269.73321994  .00008302  00000-0  31941-3 0  9997
2 67292  97.3854 343.6224 0008448   7.4921 352.6443 15.26612117 41469
0 OBJECT AZ
1 67295U 25313AZ  26269.71418342  .00006063  00000-0  24285-3 0  9997
2 67295  97.3861 343.3439 0009754 357.9549   2.1647 15.25371413 41446
0 OBJECT L
1 67258U 25313L   26269.71866324  .00007402  00000-0  30135-3 0  9992
2 67258  97.3848 342.8511 0014853  12.6572 347.5035 15.24688345 41410
0 OBJECT AU
1 67290U 25313AU  26269.88290243  .00008453  00000-0  32625-3 0  9990
2 67290  97.3852 343.7139 0008704   7.1303 353.0058 15.26499607 41483
0 OBJECT U
1 67266U 25313U   26269.74026562  .00007905  00000-0  31926-3 0  9993
2 67266  97.3881 343.0952 0013822  12.1742 347.9827 15.24947597 41428
0 OBJECT AN
1 67284U 25313AN  26269.78325554  .00004126  00000-0  17449-3 0  9996
2 67284  97.3842 342.8881 0010531  11.4825 348.6650 15.23720891 41428
0 OBJECT AH
1 67279U 25313AH  26269.75451516  .00006154  00000-0  25655-3 0  9996
2 67279  97.3844 342.7988 0013802  13.5506 346.6099 15.23973187 41416
0 OBJECT AX
1 67293U 25313AX  26269.71404623  .00003149  00000-0  13497-3 0  9997
2 67293  97.3858 342.8874 0010634   0.3768 359.7475 15.23443748 41414
0 ICEYE-X52
1 64572U 25135AW  26269.89217796  .00001212  00000-0  11935-3 0  9992
2 64572  97.7831  23.0892 0002079  30.9280 329.2062 14.93906423 69061
IGS Opt 6
1 43223U 18021A   26237.00160296 0.00000000  00000-0  00000-0 0    03
2 43223  97.3619 356.0758 0007880 315.0968  44.9031 15.27650769    09
Unknown Satellite
1 98424U 14087A   25365.46550792  .00000000  00000-0  13520-3 0    03
2 98424  97.5500  77.9404 0006729 146.6344 341.7667 15.19828235    06
0 BRO-20
1 66674U 25276J   26269.71244845  .00002376  00000-0  11783-3 0  9992
2 66674  97.4085 340.8162 0006668  24.0997 336.0548 15.18676106 45802
0 MAUVE
1 66756U 25276CU  26269.68806661  .00006800  00000-0  30290-3 0  9999
2 66756  97.4125 341.9045 0001141  21.9693 338.1591 15.21761268 45865
0 ION-SCV-022
1 66682U 25276S   26269.78449173  .00000484  00000-0  45629-4 0  9994
2 66682  97.5185 336.8040 0005755 178.8520 181.2717 14.98051130 45280
0 OBJECT S
1 67264U 25313S   26269.76793116  .00005287  00000-0  22508-3 0  9996
2 67264  97.3943 342.9687 0014821  19.3019 340.8777 15.23318994 41400
0 OBJECT Z
1 67271U 25313Z   26269.73691114  .00003536  00000-0  15620-3 0  9998
2 67271  97.3857 342.4103 0014835  12.0590 348.0999 15.22283025 41387
PANDORA
1 98415U          26011.57430556  .00000000  00000-0  50000-4 0    04
2 98415  97.4500  12.1270 0001449   0.0000 144.8055 15.13677675    00
0 CONNECTA IOT-16
1 67390U 26004AD  26269.74782776  .00007290  00000-0  35484-3 0  9995
2 67390  97.4648 267.3202 0003816  23.1572 336.9833 15.18670905 39150
0 CONNECTA IOT-15
1 67402U 26004AR  26269.44919062  .00007835  00000-0  38201-3 0  9991
2 67402  97.4629 266.8881 0003153  18.5089 341.6259 15.18588066 39099
0 CONNECTA IOT-14
1 67401U 26004AQ  26269.92579407  .00006586  00000-0  31411-3 0  9996
2 67401  97.4570 267.5774 0009027 359.1466   0.9751 15.19387304 39209
0 CONNECTA IOT-13
1 67400U 26004AP  26269.50174904  .00007159  00000-0  34748-3 0  9995
2 67400  97.4624 267.1095 0008481  12.5583 347.5861 15.18753354 39127
DCUBED-1
1 98416U          26011.57430556  .00000000  00000-0  50000-4 0    05
2 98416  97.4500  12.1270 0001449   0.0000 144.8055 15.13677675    01
CARSBSAR
1 98417U          26011.57430556  .00000000  00000-0  50000-4 0    06
2 98417  97.4500  12.1270 0001449   0.0000 144.8055 15.13677675    02
SPARCS
1 98418U          26011.57430556  .00000000  00000-0  50000-4 0    07
2 98418  97.4500  12.1270 0001449   0.0000 144.8055 15.13677675    03
0 FLAMINGO-1
1 67391U 26004AE  26269.81548278  .00001396  00000-0  72098-4 0  9995
2 67391  97.4620 267.2404 0005289 351.7931   8.3215 15.17948014 39162
Hydra-2
1 98414U          26011.61429188  .00000000  00000-0  10027-2 0  9997
2 98414  97.4560  12.9912 0004309 139.7313 219.8438 15.16782699    16
0 TANDEM X
1 36605U 10030A   26266.53309665 -.00000019  00000-0  22895-5 0  9995
2 36605  97.4471 272.8474 0001845  88.4342 271.7104 15.19151327901574
0 TERRA SAR X
1 31698U 07026A   26266.46722818 -.00000031  00000-0  17261-5 0  9999
2 31698  97.4472 272.7810 0001635  90.8589 269.2832 15.19151158 68141
0 OBJECT AK
1 67281U 25313AK  26269.71274147  .00004226  00000-0  18054-3 0  9991
2 67281  97.3800 342.5407 0011800  11.9814 348.1702 15.23353013 41402
0 OBJECT AJ
1 67280U 25313AJ  26269.72980260  .00004218  00000-0  18065-3 0  9994
2 67280  97.3916 342.9277 0013053  11.9888 348.1657 15.23255258 41402
0 NORSAT 3
1 48272U 21034E   26269.95663435  .00003310  00000-0  23123-3 0  9990
2 48272  97.5218 324.7741 0006117 325.1455  34.9371 15.05996608295153
0 CHEOPS
1 44874U 19092B   26269.51345748  .00000229  00000-0  54946-4 0  9995
2 44874  98.1507  96.3845 0011339 137.1767 223.0320 14.62019746360701
0 ZY 3 04
1 67131U 25300A   26269.91930506  .00003403  00000-0  15566-3 0  9992
2 67131  97.4663 347.0192 0006330 331.6261  28.4629 15.21199536 43308
NOSS 3-7 (A)
1 40964U 15058A   26263.83467978 0.00000000  00000-0  00000-0 0    06
2 40964  63.4447 190.1590 0239919 358.8754   1.1246 13.41003464    01
0 LIDE
1 64869U 25154A   26269.88541710  .00002021  00000-0  19053-3 0  9995
2 64869  97.6619 331.3977 0003983 244.3943 115.6866 14.94891995 64190
0 RADARSAT 2
1 32382U 07061A   26269.98540316  .00000141  00000-0  71681-4 0  9996
2 32382  98.5819 275.4819 0001237  85.5135 274.6189 14.29981539980506
0 OBJECT B
1 66651U 25274B   26269.75996231  .00002877  00000-0  27728-3 0  9994
2 66651  97.7483 197.4102 0012641  22.3171 337.8597 14.93657157 45377
0 TIGER-8
1 59120U 24043Y   26269.41618870  .00010760  00000-0  21993-3 0  9991
2 59120  97.5663  62.2400 0006854 186.8582 173.2574 15.46316419143423
0 HJS-6B
1 63429U 25067B   26269.71952894  .00011705  00000-0  56228-3 0  9994
2 63429  54.9998 303.9387 0004001 193.8835 166.2075 15.19292439 83378
0 LEOPARD
1 67687U 98067YE  26269.36691829  .00235522  00000-0  13322-2 0  9995
2 67687  51.6216 139.4096 0009043 204.9318 155.1247 15.77817853 36075
0 HMU-SAT2
1 67688U 98067YE  26267.92179573  .00185212  00000-0  92682-3 0  9990
2 67688  51.6240 143.2165 0008244 190.1823 169.9013 15.80677004 35891
0 UITMSAT
1 67686U 98067YD  26269.79094772  .00269595  37513-4  90958-3 0  9996
2 67686  51.6170 130.1204 0008671 212.6519 147.3951 15.89466068 36310
0 KNACKSAT-2
1 67683U 98067XZ  26267.92070287  .00083919  00000-0  67771-3 0  9999
2 67683  51.6256 149.2567 0008507 206.5012 153.5551 15.70081651 35891
0 GXIBA-1
1 67685U 98067YC  26269.14623229  .00106776  00000-0  70460-3 0  9993
2 67685  51.6219 140.1477 0009415 211.1327 148.9116 15.74727652 36126
0 LOGSATS
1 62689U 25009CJ  26098.74662697  .12544300  24838-5  19322-2 0  9997
2 62689  97.3596 191.3193 0013238 279.5788  80.4012 16.33862094 68979
0 ICEYE-X62
1 66755U 25276CT  26269.89772831  .00001593  00000-0  10054-3 0  9992
2 66755  97.4111 338.8995 0003241  44.5067 315.6423 15.10466282 45687
0 LEMUR-2 GRAM-E-SUE
1 67370U 26004H   26269.92984848  .00002946  00000-0  31916-3 0  9996
2 67370  97.8039 266.9536 0007487 157.5984 202.5561 14.88966799 38439
0 SJ-30A
1 66545U 25266A   26269.92008166  .00005279  00000-0  29169-3 0  9997
2 66545  51.7987  62.8085 0006178 234.1008 125.9395 15.15429486 47284
0 ORBASTRO-TR5
1 63236U 25052AC  26269.64679776  .00004572  00000-0  19853-3 0  9998
2 63236  97.3680 159.4355 0004775 138.0201 222.1403 15.22800363 85259
0 IRIDE-MS1-EAG2-4
1 66698U 25276AJ  26269.78182856  .00004701  00000-0  21706-3 0  9998
2 66698  97.4105 341.5444 0004324  30.8939 329.2550 15.20683045 45855
HErO
1 98388U 14900A   26064.12755787  .00000000  00000-0  00000-0 0    03
2 98388  97.4566 147.8115 0001824 270.0767  71.5898 15.21229641    07
TATARA-1R
1 98390U 14900A   26064.12755787  .00000000  00000-0  00000-0 0    06
2 98390  97.4566 147.8115 0001824 270.0767  71.5898 15.21229641    00
SC-Sat1a
1 98389U 14900A   26064.12755787  .00000000  00000-0  00000-0 0    04
2 98389  97.4566 147.8115 0001824 270.0767  71.5898 15.21229641    08
AETS-1
1 98387U 14900A   26064.12755787  .00000000  00000-0  00000-0 0    02
2 98387  97.4566 147.8115 0001824 270.0767  71.5898 15.21229641    06
0 IOD2_STARTICAL
1 64538U 25135L   26269.77857361  .00003602  00000-0  16542-3 0  9993
2 64538  97.4792  23.5323 0004779 164.8131 195.3248 15.21032091 70266
0 TEN-KOH 2
1 68261U 25241B   26269.43033606  .00006974  00000-0  28880-3 0  9992
2 68261  51.6561 197.3570 0008026 124.5640 235.6097 15.24987905 30352
0 OBJECT G
1 67254U 25313G   26269.77196450  .00013604  00000-0  16485-3 0  9993
2 67254  97.0761 347.1253 0004410 181.0528 179.0722 15.60750314 42450
0 OBJECT H
1 67255U 25313H   26269.74850560  .00001249  00000-0  82168-4 0  9994
2 67255  97.2756 332.2595 0067679 346.4302  13.5105 15.07481680 40952
0 ICEYE-X61
1 66754U 25276CS  26269.75514605  .00002904  00000-0  14174-3 0  9993
2 66754  97.4119 341.3403 0003047  11.2620 348.8682 15.19066595 45831
0 PHASMA-DIRAC
1 66681U 25276R   26269.75812474  .00014283  00000-0  54375-3 0  9997
2 66681  97.4036 342.6831 0005004  34.1470 326.0090 15.26835644 45949
0 PHASMA-LAMARR
1 66673U 25276H   26269.73172784  .00014611  00000-0  58018-3 0  9992
2 66673  97.4087 342.4197 0005908  27.1444 333.0102 15.25421795 45911
0 OBJECT AP
1 67285U 25313AP  26269.72496165  .00005139  00000-0  20992-3 0  9990
2 67285  97.3840 343.0999 0010039  12.1626 347.9852 15.24785200 41433
0 LEMUR 2 AFFIE-WAUWIE
1 66295U 25248C   26269.32997812  .00019263  00000-0  64668-3 0  9999
2 66295  45.3889 285.5333 0007212 315.4852  44.5458 15.30626505 50071
0 LEMUR 2 AMANDA-SVANTE
1 48269U 21034B   26269.76919615  .00033804  00000-0  83544-3 0  9993
2 48269  97.5693 351.1459 0002056 207.7386 152.3750 15.40408881296665
0 GLOBAL-5
1 55983U 23041C   26269.87908032  .00010381  00000-0  27850-3 0  9990
2 55983  42.0017 328.2712 0007827 353.8993   6.1750 15.37934893197597
0 GLOBAL-33
1 66554U 25267A   26269.49540824  .00012971  00000-0  33712-3 0  9998
2 66554  42.0193 185.9962 0011970 237.6974 122.2707 15.38705897 47648
0 LEMUR 2 LANGER2SPACE
1 63358U 25061H   26269.75678656  .00003531  00000-0  19271-3 0  9999
2 63358  97.5739 244.9335 0014662 267.0776  92.8778 15.14924401 82991
0 BLACK KITE-1
1 66741U 25276CD  26269.73729977  .00007000  00000-0  31027-3 0  9995
2 66741  97.4163 341.9961 0005367  11.0702 349.0651 15.21911306 43162
0 TAIJING-2 04
1 58820U 24016A   26269.92041755  .00041090  00000-0  47780-3 0  9997
2 58820  97.4479   9.8837 0004968  42.8166 317.3478 15.61611213149918
0 OBJECT F
1 67253U 25313F   26269.73943424  .00020707  00000-0  25038-3 0  9995
2 67253  97.0757 347.1712 0004672 209.7999 150.2994 15.60717641 42463
0 OBJECT C
1 67748U 26027C   26269.77638440  .00004430  00000-0  21119-3 0  9991
2 67748  97.5204  37.4028 0009551 219.8635 140.1899 15.19589275 34381
0 RASSVET-3 14
1 68373U 26061P   26269.93308793  .00049062  00000-0  37255-3 0  9995
2 68373  82.2889 259.7872 0011877 101.3952 258.8645 15.72025932 29545
0 OBJECT AF
1 67277U 25313AF  26269.78686166  .00005365  00000-0  22603-3 0  9991
2 67277  97.3829 342.7018 0013591  17.1996 342.9699 15.23676412 41415
WINNEBAGO 06
1 98357C 26066AX  26089.50644153 -.00021799  00000+0 -10992-2 0    00
2 98357  97.4426  49.1605 0002517  19.0277  10.5102 15.17232642    15
VIREON-2
1 98349C 26067F   26089.49773563 -.00014857  00000+0 -72769-3 0    06
2 98349  97.4450  49.1587 0002503 123.2850 218.7612 15.18244923    16
CYCLOPS-1
1 98350C 26067T   26089.49942544 -.00020853  00000+0 -10285-2 0    02
2 98350  97.4520  49.1589 0000707 161.0262 190.2316 15.18005631    15
VIGORIDE
1 98359C 26066AS  26089.50558273 -.00006157  00000+0 -30670-3 0    06
2 98359  97.4424  49.1595 0000674 359.9242  24.9258 15.17658170    12
0 AIGLONSAT-1
1 68437U 26067X   26269.69661124  .00015937  00000-0  69596-3 0  9992
2 68437  97.4613 227.1259 0004520  70.4282 289.7442 15.22196174 27375
0 UNICORN-2S
1 68475U 26067BM  26269.68326371  .00008503  00000-0  81206-3 0  9998
2 68475  97.7599 226.3416 0005866  78.6836 281.5042 14.93513445 26341
UNICORN-2R
1 98353C 26067BH  26089.56063215 -.00072091  00000+0 -73836-2 0    04
2 98353  97.7465  49.0705 0004127 349.1024 334.3763 14.90616544    10
0 TORO-3
1 68481U 26067BT  26269.69035266  .00001764  00000-0  17830-3 0  9990
2 68481  97.7798 226.6950 0002763  11.5822 348.5460 14.92280426 26863
0 T.MICROSAT-2
1 68433U 26067T   26269.38878767  .00004510  00000-0  22367-3 0  9997
2 68433  97.4684 226.3260 0007466  74.0201 286.1854 15.18205356 27281
SPACEVAN 2
1 98358C 26066AW  26089.50622046 -.00013155  00000+0 -65649-3 0    05
2 98358  97.4405  49.1592 0000895  26.8142   1.5212 15.17592748    10
SHARJAH-SAT 2
1 98363C 26067V   26089.49984326 -.00012757  00000+0 -63026-3 0    06
2 98363  97.4513  49.1596 0000455 143.3402 210.2007 15.17945209    11
0 SAL-E
1 68458U 26067AU  26269.80217612  .00006586  00000-0  31747-3 0  9994
2 68458  97.4600 226.6304 0007766  82.6177 277.5940 15.19026725 27358
0 OBJECT BD
1 68467U 26067BD  26269.10478147  .00020434  00000-0  89713-3 0  9993
2 68467  97.4506 226.1693 0008388  85.6863 274.5331 15.21937531 27276
0 PEAKSAT
1 68416U 26067A   26269.79831711  .00005867  00000-0  27088-3 0  9992
2 68416  97.4669 227.2497 0000292 355.4605   4.6628 15.20593691 27389
0 PARUS-6U1
1 68456U 26067AS  26269.43954330  .00005922  00000-0  29079-3 0  9994
2 68456  97.4673 226.3735 0007403  76.6401 283.5658 15.18429640 27290
0 OPTISAT
1 68418U 26067C   26269.79488675  .00004002  00000-0  19047-3 0  9997
2 68418  97.4705 227.1929 0001277 354.1121   6.0098 15.19738659 27373
0 LUNA-2
1 68470U 26067BG  26269.58141053  .00004394  00000-0  21624-3 0  9996
2 68470  97.4595 226.3125 0008868  79.2520 280.9712 15.18485317 27317
LILIUM-4
1 98391C 26067AC  26089.50133053 -.00014632  00000+0 -74472-3 0    03
2 98391  97.4497  49.1617 0004341   5.9603 355.7042 15.16896692    15
0 JACK-002
1 68417U 26067B   26269.80860703  .00005645  00000-0  26158-3 0  9999
2 68417  97.4688 227.2847 0000457   7.8282 352.2960 15.20483141 27381
0 ION SCV-019
1 68435U 26067V   26269.90532266  .00003818  00000-0  17878-3 0  9999
2 68435  97.4671 227.2682 0011025  52.6062 307.6175 15.20281032 27395
IO-1
1 98348C 26067BQ  26089.56125831 -.00083000  00000+0 -84054-2 0    07
2 98348  97.7477  49.0697 0002170   6.1545 320.6790 14.91078349    15
0 HADES-SA (SPINNYONE)
1 68446U 26067AG  26268.63831681  .00022814  00000-0  99408-3 0  9999
2 68446  97.4503 225.7101 0008949  86.5680 273.6580 15.22167672 27198
GRAVITAS
1 98355C 26066BB  26089.55429037 -.00066622  00000+0 -66475-2 0    06
2 98355  97.7519  49.0603 0001441 291.2423 358.1870 14.91667363    14
GEMS2 AMETHYST
1 98354C 26066BE  26089.56114338 -.00079475  00000+0 -80259-2 0    07
2 98354  97.7510  49.0679 0003524 323.0444   3.1677 14.91186189    12
GARAI B
1 98361C 26067AN  26089.50366734 -.00003564  00000+0 -18032-3 0    06
2 98361  97.4484  49.1644 0003509  15.7336 358.6906 15.17105218    14
FOSSASAT-2E
1 98351C 26067BT  26089.56152220 -.00073743  00000+0 -73055-2 0    05
2 98351  97.7527  49.0666 0002264 140.9448 187.2918 14.91955055    11
FGN 100 D3
1 98360C 26067AR  26089.50501456 -.00022081  00000+0 -11164-2 0    00
2 98360  97.4449  49.1646 0003388  23.7550 358.0272 15.17137345    14
0 ERMIS3
1 68425U 26067K   26269.41698877  .00005954  00000-0  28151-3 0  9994
2 68425  97.4702 226.7853 0002035  42.8808 317.2586 15.19763680 27310
0 ERMIS2
1 68420U 26067E   26269.43020720  .00010422  00000-0  46776-3 0  9996
2 68420  97.4581 226.8115 0001051  99.0660 261.0695 15.21371687 27333
0 DB-BECON-2-VU
1 68468U 26067BE  26269.80729774  .00006856  00000-0  32947-3 0  9995
2 68468  97.4654 226.7890 0008705  69.2091 291.0075 15.19112767 27351
0 EMISAR
1 68427U 26067M   26269.80797801  .00007778  00000-0  35532-3 0  9993
2 68427  97.4664 227.2387 0002352  50.0961 310.0481 15.20848422 27382
0 DISCO-2
1 68431U 26067R   26269.77663816  .00007560  00000-0  34982-3 0  9999
2 68431  97.4721 227.2568 0002969  43.6554 316.4916 15.20416172 27377
0 FEMTO-1
1 68419U 26067D   26269.60822086  .00002872  00000-0  13877-3 0  9994
2 68419  97.4660 226.8803 0000205  29.9983 330.1264 15.19434401 27345
0 COSMO
1 68460U 26067AW  26269.77709987  .00010857  00000-0  51001-3 0  9995
2 68460  97.4595 226.6947 0008020  79.3307 280.8830 15.19762434 27358
BRO 19
1 98364U          26095.63073419 +.00006059 +00000+0 +29926-3 0 00154
2 98364  97.4429  55.1931 0002637 103.8937 256.2591 15.18233373000938
0 BLACK KITE-2
1 68474U 26067BL  26269.69877410  .00002063  00000-0  20412-3 0  9990
2 68474  97.7667 226.5656 0000575 290.4510  69.6647 14.92955939 26870
0 FEMTO-1
1 68419U 26067D   26269.60822086  .00002872  00000-0  13877-3 0  9994
2 68419  97.4660 226.8803 0000205  29.9983 330.1264 15.19434401 27345
Unknown 2 - T16
1 98345C 26066AB  26089.50170542 -.00003004  00000+0 -14893-3 0    07
2 98345  97.4431  49.1553 0000362 126.4920 237.1910 15.17819254    18
Unknown 5 - T16
1 98342C 26066H   26089.49848319 -.00017647  00000+0 -86272-3 0    04
2 98342  97.4377  49.1533 0003071 132.7149 213.3884 15.18310102    10
0 OUT OF THE BOX
1 68428U 26067N   26269.13128030  .00002955  00000-0  14425-3 0  9992
2 68428  97.4698 226.3718 0002586  50.2065 309.9397 15.19057596 27266
0 FFLY-1
1 65320U 25188F   26269.92539801  .00000781  00000-0  80774-4 0  9998
2 65320  97.7298 343.4055 0009373 188.2833 171.8233 14.92853009 59087
0 ELEKTRO-L 5
1 67756U 26028A   26269.77323503  .00000000  00000-0  00000-0 0  9994
2 67756   0.0180  68.0814 0001606 104.8347 187.0862  1.00269794  2269
0 CANVAS
1 68635U 26074J   26269.75806010  .00010954  00000-0  40986-3 0  9998
2 68635  60.0217 147.2587 0036639  94.8021 265.7246 15.27220344 26292
0 RAWHIDE-1
1 68629U 26074C   26269.93484761  .00003022  00000-0  12922-3 0  9993
2 68629  60.0201 147.5397 0038674  94.0933 266.4570 15.25033573 26309
0 OBJECT E
1 68631U 26074E   26269.92712725  .00003644  00000-0  15261-3 0  9998
2 68631  60.0211 147.4975 0036749  95.5925 264.9348 15.25267282 26304
0 LPNTSAT-002
1 68409U 26065B   26269.91383525  .00005803  00000-0  26923-3 0  9998
2 68409  97.3831 148.3829 0013959  11.6184 348.5371 15.20337727 27695
0 OBJECT A
1 67646U 26021A   26269.77397912  .00004632  00000-0  19880-3 0  9994
2 67646  97.4509 342.8611 0010736 168.9745 191.1729 15.23160172 36330
0 PRAETORIAN SDA_610
1 65573U 25203J   26269.73138992  .00000055  00000-0  39508-4 0  9994
2 65573  81.2969 276.8011 0005649 286.0943  73.9591 13.83534898 52737
0 MR-1
1 67557U 26015B   26269.91721782  .00000038  00000-0  38606-4 0  9994
2 67557  88.9949 258.2104 0004835 123.6813 236.4801 13.52675416 33465
0 CENTISPACE-2 S8
1 68357U 26060H   26265.83961658  .00000364  00000-0  24242-3 0  9990
2 68357  54.9873  17.0288 0004932 282.3280  77.7142 14.20118501 26870
0 MR-2
1 67556U 26015A   26269.91257919  .00000031  00000-0  29145-4 0  9990
2 67556  88.9949 258.2107 0004733 124.2111 235.9490 13.52701224 33467
0 RAWHIDE-2
1 68632U 26074F   26269.92169104  .00002669  00000-0  11381-3 0  9991
2 68632  60.0304 147.0843 0036493  97.0838 263.4396 15.25610999 26308
0 OPTISAT
1 68418U 26067C   26269.79488675  .00004002  00000-0  19047-3 0  9997
2 68418  97.4705 227.1929 0001277 354.1121   6.0098 15.19738659 27373
0 ICEYE-X59
1 66752U 25276CQ  26269.91668981 -.00026819  00000-0 -21036-2 0  9993
2 66752  97.4545 336.9697 0000852  54.6209 179.5676 15.01044433  5692
0 ICEYE-X60
1 66753U 25276CR  26269.72942324  .00004721  00000-0  29456-3 0  9990
2 66753  97.4115 339.2660 0003454  63.4080 296.7504 15.09972258 45697
0 MAGNARO-II
1 68798U 26088G   26269.39795679  .00003324  00000-0  21099-3 0  9998
2 68798  97.5212  56.7131 0020303  94.0949 266.2601 15.09398296 23563
0 MAGNARO-II
1 68798U 26088G   26269.39795679  .00003324  00000-0  21099-3 0  9998
2 68798  97.5212  56.7131 0020303  94.0949 266.2601 15.09398296 23563
0 ORIGAMISAT-2
1 68795U 26088D   26269.36831591  .00013679  00000-0  82505-3 0  9999
2 68795  97.5192  56.7489 0015406  91.9343 268.3651 15.10763142 23561
0 OBJECT A
1 68792U 26088A   26269.39888974  .00003987  00000-0  26591-3 0  9990
2 68792  97.5212  56.2557 0015655 118.7395 241.5408 15.07518572 23534
0 OBJECT F
1 68797U 26088F   26269.40466683  .00005938  00000-0  37196-3 0  9997
2 68797  97.5200  56.6807 0016639  91.2709 269.0426 15.09624768 23560
0 OBJECT B
1 68793U 26088B   26269.37950290  .00002960  00000-0  19797-3 0  9990
2 68793  97.5205  56.2732 0016619 115.1610 245.1343 15.07604829 23533
0 OBJECT E
1 68796U 26088E   26269.83100573  .00004153  00000-0  26505-3 0  9996
2 68796  97.5208  57.0402 0016733  90.4541 269.8606 15.09115951 23627
0 LPNTSAT-001
1 68408U 26065A   26269.40855401  .00002267  00000-0  11137-3 0  9990
2 68408  97.3841 147.7117 0016805  17.0291 343.1504 15.18957874 27620
0 BLACKCAT
1 67369U 26004G   26269.44041490  .00000727  00000-0  85396-4 0  9995
2 67369  97.8054 266.2254 0007418 159.8246 200.3265 14.87883246 38345
0 FFLY-2
1 65322U 25188H   26269.83751982  .00000994  00000-0  10126-3 0  9995
2 65322  97.7285 343.3059 0013486 141.9942 218.2232 14.92862304 59077
0 BALKAN-2
1 69024U 26100AW  26269.71106669  .00005671  00000-0  25907-3 0  9996
2 69024  97.3924 165.6700 0003853  32.8798 327.2676 15.20958849 22231
0 PEARL-1A
1 68990U 26100L   26269.69681349  .00001492  00000-0  15568-3 0  9996
2 68990  97.7167 164.9345 0005229 170.4762 189.6557 14.91213318 21825
SNAPPY
1 98309U          26123.29305556  .00000000  00000-0  50000-4 0    00
2 98309  97.3900  21.0349 0014528   0.0000 144.7244 15.20279983    00
0 BALKAN-2
1 69024U 26100AW  26269.71106669  .00005671  00000-0  25907-3 0  9996
2 69024  97.3924 165.6700 0003853  32.8798 327.2676 15.20958849 22231
0 BRO-21
1 69007U 26100AD  26269.65454842  .00003105  00000-0  13913-3 0  9993
2 69007  97.3904 165.8435 0009489  64.9408 295.2812 15.21944953 22230
0 BUSANSAT
1 68989U 26100K   26269.70520387  .00001432  00000-0  14971-3 0  9991
2 68989  97.7250 165.0639 0006642 146.0126 214.1519 14.91170432 21828
0 DRISHTI
1 69010U 26100AG  26269.68828716  .00002220  00000-0  10357-3 0  9991
2 69010  97.3897 165.6383 0006471  46.2769 313.9002 15.20864207 22237
0 EYCORE-1
1 69011U 26100AH  26269.66156789  .00004696  00000-0  21243-3 0  9999
2 69011  97.3908 165.6938 0005908  53.2092 306.9686 15.21380616 22236
0 SELENE
1 69020U 26100AS  26269.66504409  .00005728  00000-0  26287-3 0  9995
2 69020  97.3899 165.5220 0004136  14.3768 345.7584 15.20799302 22220
0 HELIOS
1 69021U 26100AT  26269.71099527  .00006924  00000-0  31378-3 0  9998
2 69021  97.3881 165.5790 0004822  16.9177 343.2219 15.21156976 22232
0 FRONTIERSAT
1 69015U 26100AM  26269.67457451  .00008648  00000-0  36941-3 0  9996
2 69015  97.3858 165.8762 0009546  54.9497 305.2634 15.23071927 22262
0 OBJECT W
1 69000U 26100W   26269.70559055  .00001729  00000-0  17363-3 0  9997
2 69000  97.7182 165.2535 0000759  72.8092 287.3211 14.92556640 21848
0 NULINK-2
1 68994U 26100Q   26269.67807460  .00000903  00000-0  92765-4 0  9993
2 68994  97.7193 165.3061 0001683  44.5868 315.5487 14.92773149 21844
0 OBJECT Y
1 69002U 26100Y   26133.16667823  .00039316  00000-0  36618-2 0  9998
2 69002  97.7019  30.4227 0010353 160.6012  60.3080 14.94099745  1301
0 PEARL-1B
1 68980U 26100A   26269.66692434  .00001857  00000-0  19381-3 0  9991
2 68980  97.7221 164.9120 0007407 159.5092 200.6425 14.90898459 21800
HYDRA-3
1 98308U          26123.40776256  .00000000  00000-0  50000-4 0    01
2 98308  97.3900  21.9297 0014528   0.0000  48.1116 15.20279983    05
0 CRYOSAT 2
1 36508U 10013A   26269.87652014  .00000160  00000-0  38984-4 0  9998
2 36508  92.0259 301.9856 0002217  87.4045 272.7416 14.51903656872830
0 PEXT
1 64874U 25154F   26269.76912964  .00002444  00000-0  11350-3 0  9992
2 64874  97.3862 332.8476 0001271 311.9798  48.1329 15.20951605 65280
0 CENTISPACE-1 S11
1 62580U 25007F   26269.86768244 -.00000066  00000-0  70927-4 0  9997
2 62580  54.9776 295.4912 0009476 305.2356  54.7713 13.80626528 88771
0 SDA_1667
1 65977U 25230D   26269.71715400  .00000146  00000-0  12629-3 0  9990
2 65977  81.2971 118.4587 0001182  63.8612 296.2664 13.81448241 47806
0 IRIS
1 39197U 13033A   26269.84396687  .00000729  00000-0  89332-4 0  9992
2 39197  97.9265 108.7947 0024177 349.6262  10.4451 14.86053213715470
0 ICEYE-X54
1 64570U 25135AU  26269.90894228  .00002073  00000-0  19506-3 0  9991
2 64570  97.7807  23.4155 0002100   9.9462 350.1799 14.94959188 69091
0 ICEYE-X75
1 68497U 26067CK  26269.75854473  .00001035  00000-0  10682-3 0  9992
2 68497  97.7712 226.5816 0001651  30.6695 329.4621 14.92297875 26875
0 VEGA
1 68430U 26067Q   26269.77874299  .00006456  00000-0  30019-3 0  9997
2 68430  97.4604 227.0028 0001955  67.9874 292.1569 15.20307286 27372
0 SDA_1684
1 65994U 25230W   26269.69866950  .00000150  00000-0  13720-3 0  9991
2 65994  81.2986 119.2778 0000496  44.8713 315.2480 13.78100420 47752
0 AEPEX
1 68506U 26067CU  26269.79170134  .00005838  00000-0  27152-3 0  9997
2 68506  97.4623 227.0358 0004987  89.1155 271.0651 15.20335222 27255
0 BUSANSAT
1 68989U 26100K   26269.70520387  .00001432  00000-0  14971-3 0  9991
2 68989  97.7250 165.0639 0006642 146.0126 214.1519 14.91170432 21828
0 ORBASTRO-JEN1
1 69006U 26100AC  26269.70774512  .00005764  00000-0  26366-3 0  9996
2 69006  97.3916 165.6443 0011038  15.6736 344.4840 15.20862897 22232
0 MENUT
1 55010U 23001B   26269.63730898  .00156940  00000-0  83388-3 0  9994
2 55010  97.2982 341.8788 0002335 143.4003 216.7425 15.80050167208300
0 PLATERO
1 58262U 23174G   26269.74874629  .00043638  00000-0  34500-3 0  9991
2 58262  97.3927  13.1034 0004279  77.9394 282.2348 15.71246213162094
0 EWS-G3
1 35491U 09033A   26269.87011341 -.00000032  00000-0  00000-0 0  9993
2 35491   1.9446  81.5867 0002285 105.9300 205.8351  1.00070139  7606
IGS Radar 5
1 42072U 17015A   26263.87847942 0.00000000  00000-0  00000-0 0    00
2 42072  97.3603 333.5847 0001726 327.2058  32.7941 15.25981329    02
0 DEIMOS 1
1 35681U 09041A   26269.92373907  .00000423  00000-0  69426-4 0  9992
2 35681  97.7534  62.8312 0001022 143.6544 216.4736 14.75323432921885
0 NOAA 6
1 11416U 79057A   26269.71293045  .00000163  00000-0  71882-4 0  9997
2 11416  98.5572 298.4401 0009124 322.2498  37.8047 14.35541034465526
0 ICEYE-X78
1 68995U 26100R   26269.69054764  .00000609  00000-0  65673-4 0  9998
2 68995  97.7225 165.1944 0003344 125.7617 234.3913 14.91912463 21833
0 BRO-22
1 69504U 26132C   26269.89185275  .00000179  00000-0  19240-4 0  9995
2 69504  97.6752 332.2588 0017563 285.0357  74.8923 14.99940978 16027
0 DAQI-2
1 68760U 26084A   26269.76965552  .00000291  00000-0  74058-4 0  9997
2 68760  98.2793 343.4578 0002848 125.2166 234.9299 14.57594077 23693
0 PRAETORIAN SDA_613
1 65576U 25203M   26269.72615095  .00000054  00000-0  38389-4 0  9995
2 65576  81.2960 277.0874 0004580 280.5425  79.5215 13.82773373 52713
0 SDA_1664
1 65974U 25230A   26269.82233406  .00000132  00000-0  12006-3 0  9994
2 65974  81.2970 119.0522 0001467  51.1191 309.0092 13.78096991 47777
0 OBJECT G
1 64882U 25155G   26269.90619042  .00007837  00000-0  26350-3 0  9996
2 64882  97.4709 238.9474 0007435 161.6045 198.5466 15.31068005 96312
0 OBJECT J
1 64884U 25155J   26269.90584185  .00008032  00000-0  26998-3 0  9993
2 64884  97.4695 238.8977 0008247 152.0928 208.0757 15.31062824 96314
0 NULINK-1
1 69002U 26100Y   26269.66580886  .00001133  00000-0  11470-3 0  9992
2 69002  97.7214 165.3568 0002710  44.8047 315.3391 14.92890739 21831
0 SPACEMOBILE-008
1 69589U 26139A   26268.95204419  .00001093  00000-0  78015-4 0  9994
2 69589  52.9947 165.0291 0002308 274.5278  85.5449 15.13007600 15236
0 FENGYUNG-4C
1 67246U 25312A   26269.29108093 -.00000319  00000-0  00000-0 0  9999
2 67246   0.0184   3.3849 0000839 278.7976 320.7547  1.00271798  2884
0 SPACEMOBILE-010
1 69591U 26139C   26269.49799357  .00001406  00000-0  96157-4 0  9992
2 69591  52.9945 162.7302 0002666 254.8412 105.2285 15.12762999 15328
0 SPACEMOBILE-009
1 69590U 26139B   26269.42145675  .00001055  00000-0  76117-4 0  9996
2 69590  52.9942 162.9601 0002541 270.5570  89.5130 15.12903443 15302
0 OBJECT F
1 68203U 26052F   26269.76147106  .00005492  00000-0  31755-3 0  9995
2 68203  97.5247 343.2197 0009257 321.8315  38.2260 15.12650390 29408
0 HOKUSHIN1
1 69648U 98067YJ  26269.79415622  .00024638  00000-0  37396-3 0  9998
2 69648  51.6306 155.0743 0005967 211.9825 148.0804 15.54428335 15434
0 OBJECT D
1 69100U 26106D   26269.57103831  .00001814  00000-0  10505-3 0  9992
2 69100  97.5067 349.9687 0001662  88.0463 272.0959 15.13470836 20309
0 OBJECT E
1 68202U 26052E   26269.73084440  .00004660  00000-0  27220-3 0  9990
2 68202  97.5257 343.1227 0010194 329.9717  30.0928 15.12353352 29395
0 OBJECT E
1 69101U 26106E   26269.85471002  .00006404  00000-0  36960-3 0  9995
2 69101  97.5020 350.1852 0016621 176.1852 183.9509 15.12572408 20341
0 TERRA
1 25994U 99068A   26269.92881196  .00000250  00000-0  59778-4 0  9997
2 25994  97.9349 315.3887 0000870 263.0026 220.4898 14.61166192424461
COCONUT
1 98292U          26183.37500000  .00000100  00000+0  13146-3 0  9993
2 98292  51.6458 224.8870 0010677 125.5812  33.0212 15.48446246 57363
PROVES - Electra
1 98290U 26002A   26183.44444444  .00002000  00000-0  10000-4 0  9997
2 98290 051.6561 224.5631 0008446 154.9191 031.3137 15.47694428000018
PROVES - Alcyone
1 98289U 26003B   26183.36805556  .00002000  00000-0  10000-4 0  9992
2 98289 051.6206 224.9162 0004402 050.6302 069.1834 15.50413163000011
PROVES - Atlas
1 98288U 26003A   26183.36805556  .00002000  00000-0  10000-4 0  9991
2 98288 051.6206 224.9162 0004402 050.6302 069.1834 15.50413163000010
0 HUCSAT
1 69794U 98067YK  26269.76894472  .00034636  00000-0  52129-3 0  9991
2 69794  51.6319 155.6485 0008530 198.5006 161.5676 15.54452792 13427
0 LEMUR 2 MJR092620
1 58340U 23174CN  26269.73786541  .00019407  00000-0  36837-3 0  9994
2 58340  97.3957   1.8765 0006401 107.5722 252.6229 15.48319048161340
0 ICEYE-X71
1 68494U 26067CG  26269.91668981  .00010564  00000-0  83800-3 0  9993
2 68494  97.7706 227.0089 0001136  70.7613 230.3305 15.00702931  5764
0 ICEYE-X64
1 67373U 26004L   26269.93227030  .00000596  00000-0  70741-4 0  9992
2 67373  97.8091 266.9182 0006552 148.7092 211.4515 14.88086748 38425
0 ICEYE-X63
1 67372U 26004K   26269.93285327  .00000628  00000-0  73570-4 0  9993
2 67372  97.8078 267.0290 0005011 138.2243 221.9358 14.88451196 38437
0 ICEYE-X39
1 60546U 24149CG  26269.73537991  .00002231  00000-0  18387-3 0  9998
2 60546  97.6702 345.4139 0010471 153.9704 206.2048 15.00031387115349
0 OBJECT G
1 69588U 26138G   26266.53433346  .00000002  00000-0  97147-4 0  9993
2 69588  55.1396 278.8621 0006620 294.8293  65.1986 14.02613798 13934
0 OBJECT B
1 69583U 26138B   26267.56322962 -.00145867  00000-0 -98326-1 0  9991
2 69583  55.1423 275.4097 0007531 306.2085  53.8186 14.01258139 14074
0 CUBY-2
1 69881U 26156N   26269.67709077  .00000622  00000-0  68294-4 0  9993
2 69881  97.7397 168.6255 0003333 198.4124 161.6974 14.91090512 12122
0 KOSTKA
1 69935U 26156BU  26269.65960031  .00002281  00000-0  22608-3 0  9991
2 69935  97.7390 168.7932 0008361 240.6689 119.3696 14.92761214 12137
0 MARINA
1 69920U 26156BD  26269.68883705  .00001912  00000-0  19316-3 0  9992
2 69920  97.7431 168.7996 0005954 239.5027 120.5604 14.92202005 12136
0 OBJECT AW
1 69913U 26156AW  26269.74909869  .00001295  00000-0  13637-3 0  9995
2 69913  97.7489 168.7772 0001437 220.7832 139.3280 14.91048104 12136
0 BRO-31
1 69896U 26156AD  26269.68835977  .00001283  00000-0  13147-3 0  9999
2 69896  97.7438 168.8062 0006116 243.0627 116.9968 14.92170238 12131
0 FOSSASAT2E26
1 69899U 26156AG  26269.46521697  .00001196  00000-0  12553-3 0  9992
2 69899  97.7426 168.4668 0003954 209.4081 150.6916 14.91318371 12090
0 CUBY-1
1 69902U 26156AK  26269.67526788  .00001708  00000-0  17757-3 0  9996
2 69902  97.7402 168.6319 0003131 198.6486 161.4619 14.91188042 12123
0 CUBY-3
1 69875U 26156G   26269.68060370  .00000671  00000-0  73292-4 0  9991
2 69875  97.7414 168.6392 0002698 192.5423 167.5729 14.91072906 12127
0 CUBY-4
1 69874U 26156F   26269.68438029  .00001700  00000-0  17756-3 0  9996
2 69874  97.7430 168.6477 0002209 191.3994 168.7175 14.90998638 12122
0 CUBY-5
1 69907U 26156AQ  26269.68102829  .00001716  00000-0  17894-3 0  9999
2 69907  97.7408 168.6311 0002740 194.3158 165.7983 14.91048530 12128
0 CENTAURI-9
1 69924U 26156BH  26269.68331452  .00000948  00000-0  98425-4 0  9990
2 69924  97.7432 168.8045 0006925 238.5740 121.4802 14.92232110 12137
0 CLOUDCT-PRECURSOR
1 69939U 26156BY  26269.66162899  .00001213  00000-0  12317-3 0  9992
2 69939  97.7482 168.8842 0008188 250.1291 109.9047 14.92644416 12135
0 CYBERCUBE
1 69938U 26156BX  26269.52441360  .00002416  00000-0  23895-3 0  9998
2 69938  97.7409 168.6801 0008276 239.2615 120.7790 14.92805372 12116
0 ION SCV-023
1 69876U 26156H   26269.69866737  .00000383  00000-0  43229-4 0  9991
2 69876  97.5913 167.6941 0005422 235.0363 125.0348 14.91832494 12136
Kita-36
1 98275U          26194.71576161 +.00001124 +00000+0 +11815-3 0 00185
2 98275  97.7554  95.0637 0006811 114.0130 246.1802 14.91373412000958
Kita-53
1 98274U          26194.64799869 +.00000396 +00000+0 +45068-4 0 00153
2 98274  97.7563  94.9999 0007037 118.9285 241.2640 14.91527391000943
0 KOYO
1 69916U 26156AZ  26269.61348197  .00002329  00000-0  24032-3 0  9995
2 69916  97.7429 168.5855 0001853 196.1148 164.0012 14.91143270 12117
MAVERIC
1 98271C 26156AK  26188.34183753 -.00015096  00000-0 -29727-2 0  9998
2 98271  97.7585  88.7954 0008957 150.5475 209.6785 14.92155297    10
Navigator
1 98270U          26195.71723136 +.00001334 +00000+0 +13575-3 0 00174
2 98270  97.7561  96.0597 0010651 125.6582 234.5631 14.92377320001105
0 OASIS ALPHA
1 69936U 26156BV  26269.66265204  .00001552  00000-0  15602-3 0  9999
2 69936  97.7390 168.7889 0008474 240.2152 119.8225 14.92648208 12135
0 RAFS
1 69923U 26156BG  26269.68981563  .00001260  00000-0  12937-3 0  9994
2 69923  97.7424 168.7875 0006246 238.8505 121.2102 14.92138184 12132
0 REPLICATOR-2
1 69927U 26156BL  26269.67875437  .00001031  00000-0  10633-3 0  9996
2 69927  97.7445 168.8256 0006906 246.4608 113.5886 14.92316090 11962
0 SCION-X
1 69880U 26156M   26269.67354513  .00001790  00000-0  18551-3 0  9990
2 69880  97.7361 168.5936 0003960 192.7663 167.3456 14.91235392 12123
0 OBJECT AU
1 69911U 26156AU  26269.69296801  .00001090  00000-0  11624-3 0  9999
2 69911  97.7446 168.6542 0001354 177.0044 183.1183 14.90842743 12126
0 TOM-1
1 69872U 26156D   26269.69266503  .00000910  00000-0  98035-4 0  9993
2 69872  97.7424 168.6315 0003202 176.5879 183.5362 14.90833063 12128
0 TOM-2
1 69914U 26156AX  26269.69100149  .00000874  00000-0  94248-4 0  9994
2 69914  97.7468 168.6793 0002393 177.9624 182.1604 14.90864020 12127
0 TOM-3
1 69906U 26156AP  26269.68082967  .00001067  00000-0  11354-3 0  9992
2 69906  97.7382 168.6067 0003298 198.7715 161.3382 14.90983281 12127
0 OBJECT AE
1 69897U 26156AE  26269.62346059  .00001342  00000-0  14172-3 0  9997
2 69897  97.7478 168.6225 0000785 204.1488 155.9693 14.90900333 12115
0 MARMOTSAT
1 69912U 26156AV  26269.68646845  .00001445  00000-0  15187-3 0  9998
2 69912  97.7464 168.6796 0001429 196.3153 163.8020 14.90971616 12123
Unknown 1 T17
1 98259U          26194.91865210 +.00001488 +00000+0 +15610-3 0 00163
2 98259  97.7581  95.2617 0005175 106.4647 253.7140 14.91010768000984
0 ANDURIL-216
1 69879U 26156L   26269.71633238  .00001171  00000-0  12209-3 0  9994
2 69879  97.7460 168.7895 0004189 227.9758 132.1105 14.91651779 12130
0 6GSTARLAB
1 66683U 25276T   26269.72636592  .00002513  00000-0  12376-3 0  9999
2 66683  97.4162 341.2508 0005946  17.0863 343.0570 15.18866355 45810
0 CUBY-5
1 69907U 26156AQ  26269.68102829  .00001716  00000-0  17894-3 0  9999
2 69907  97.7408 168.6311 0002740 194.3158 165.7983 14.91048530 12128
0 OBJECT YN
1 69798U 98067YP  26269.05482582  .00038705  00000-0  58480-3 0  9999
2 69798  51.6305 159.1297 0009382 203.1879 156.8689 15.54283814 13319
Unknown 3 T17
1 98255U          26195.71723136 +.00001334 +00000+0 +13575-3 0 00177
2 98255  97.7561  96.0597 0010651 125.6582 234.5631 14.92377320001108
SOLARAS
1 98254U 26164B   26199.44281513  .00001536  00000-0  46956-4 0  9991
2 98254  59.9267 304.7361 0006750 269.2869  90.7445 15.39721932    25
0 STARS-X
1 69502U 26132A   26269.74155545  .00000822  00000-0  72136-4 0  9992
2 69502  97.6827 332.0424 0011232 294.3850  65.6201 14.99286432 15993
BLUEBIRD-11
1 98251U 26179A   26218.64274344  .00000454  00000-0  42287-4 0  9993
2 98251  52.9983 322.0568 0005119 345.9465  14.1382 15.13013622   206
BLUEBIRD-12
1 98250U 26179B   26218.64260137  .00000469  00000-0  42962-4 0  9993
2 98250  52.9975 322.0527 0005554 353.1869   6.9046 15.13182797   209
BLUEBIRD-13
1 98249U 26179C   26218.64251177  .00000364  00000-0  37054-4 0  9995
2 98249  52.9998 322.0550 0005443 357.5559   2.5404 15.13288669   204
JAMX01
1 98248U 26195A   26267.88003951  .00005273  00000-0  33272-3 0  9998
2 98248  97.5383 341.1626 0014042 147.7761 212.4329 15.09442172  4636
BY70-4
1 98247U 26195E   26267.80555815  .00003957  00000-0  24796-3 0  9998
2 98247  97.5348 341.0963 0012962 160.9808 199.1907 15.09857686  4630
TRISAT-S
1 98406U 26203D   26267.74361960  .00001777  00000-0  13349-3 0  9994
2 98406  97.4198 342.2558 0057333 211.6534 148.1240 15.02558481  2842
SpaceTeamSat1
1 99416U 26203A   26267.67786555  .00003583  00000-0  26470-3 0  9995
2 99416  97.4205 342.1912 0057685 212.1167 147.6540 15.02515214  2837
FRAMSAT-1
1 98914U 26203B   26267.74444959  .00002983  00000-0  22116-3 0  9990
2 98914  97.4205 342.2551 0057654 211.8046 147.9693 15.02507306  2843
0 PLATFORM-6
1 98405U 26203C   26267.74400621  .00001328  00000-0  10089-3 0  9991
2 98405  97.4191 342.2545 0057877 211.5207 148.2547 15.02532280  2849
CyBEEsat
1 98528U 26203E   26267.74321173  .00002713  00000-0  20113-3 0  9999
2 98528  97.4202 342.2565 0057332 211.4051 148.3747 15.02602061  2840
0 YAM-17
1 69884U 26156R   26269.68985991  .00001227  00000-0  13111-3 0  9997
2 69884  97.5578 167.3551 0001600  65.6157 294.5229 14.90479035 12124
0 YAM-12
1 69003U 26100Z   26269.67685215  .00001249  00000-0  13362-3 0  9996
2 69003  97.7747 165.3455 0001628  68.9496 291.1896 14.90488648 21808
0 YAM-14
1 69008U 26100AE  26268.19073428  .00000324  00000-0  38875-4 0  9994
2 69008  97.7748 163.9072 0001334  65.6514 294.4843 14.90396347 21589
0 YAM-16
1 68992U 26100N   26269.78510400  .00001326  00000-0  13735-3 0  9997
2 68992  97.7228 165.2277 0003815 143.1585 216.9896 14.91684022 21848
0 ICEYE-X72
1 68504U 26067CS  26269.76234488  .00002816  00000-0  23887-3 0  9999
2 68504  97.7726 227.4157 0002835  49.3702 310.7767 14.98747495 26922